video,true_label,raw_prediction,mapped_prediction,result,camera_distance,background,skin_color_category
cartwheel_0_initial.mp4,cartwheel,cartwheel,cartwheel,correct,camera_far,konzerthaus,white
cartwheel_0_modified_african.mp4,cartwheel,cartwheel,cartwheel,correct,camera_far,konzerthaus,african
cartwheel_0_modified_asian.mp4,cartwheel,cartwheel,cartwheel,correct,camera_far,konzerthaus,asian
cartwheel_0_modified_hispanic.mp4,cartwheel,cartwheel,cartwheel,correct,camera_far,konzerthaus,hispanic
cartwheel_0_modified_indian.mp4,cartwheel,cartwheel,cartwheel,correct,camera_far,konzerthaus,indian
cartwheel_0_modified_middle_eastern.mp4,cartwheel,cartwheel,cartwheel,correct,camera_far,konzerthaus,middle_eastern
cartwheel_0_modified_south_east_asian.mp4,cartwheel,cartwheel,cartwheel,correct,camera_far,konzerthaus,south_east_asian
cartwheel_10_initial.mp4,cartwheel,cartwheel,cartwheel,correct,camera_far,konzerthaus,white
cartwheel_10_modified_african.mp4,cartwheel,cartwheel,cartwheel,correct,camera_far,konzerthaus,african
cartwheel_10_modified_asian.mp4,cartwheel,cartwheel,cartwheel,correct,camera_far,konzerthaus,asian
cartwheel_10_modified_hispanic.mp4,cartwheel,cartwheel,cartwheel,correct,camera_far,konzerthaus,hispanic
cartwheel_10_modified_indian.mp4,cartwheel,cartwheel,cartwheel,correct,camera_far,konzerthaus,indian
cartwheel_10_modified_middle_eastern.mp4,cartwheel,cartwheel,cartwheel,correct,camera_far,konzerthaus,middle_eastern
cartwheel_10_modified_south_east_asian.mp4,cartwheel,cartwheel,cartwheel,correct,camera_far,konzerthaus,south_east_asian
cartwheel_11_initial.mp4,cartwheel,cartwheel,cartwheel,correct,camera_far,konzerthaus,white
cartwheel_11_modified_african.mp4,cartwheel,cartwheel,cartwheel,correct,camera_far,konzerthaus,african
cartwheel_11_modified_asian.mp4,cartwheel,cartwheel,cartwheel,correct,camera_far,konzerthaus,asian
cartwheel_11_modified_hispanic.mp4,cartwheel,cartwheel,cartwheel,correct,camera_far,konzerthaus,hispanic
cartwheel_11_modified_indian.mp4,cartwheel,cartwheel,cartwheel,correct,camera_far,konzerthaus,indian
cartwheel_11_modified_middle_eastern.mp4,cartwheel,cartwheel,cartwheel,correct,camera_far,konzerthaus,middle_eastern
cartwheel_11_modified_south_east_asian.mp4,cartwheel,cartwheel,cartwheel,correct,camera_far,konzerthaus,south_east_asian
cartwheel_12_initial.mp4,cartwheel,cartwheel,cartwheel,correct,camera_far,konzerthaus,african
cartwheel_12_modified_asian.mp4,cartwheel,cartwheel,cartwheel,correct,camera_far,konzerthaus,asian
cartwheel_12_modified_hispanic.mp4,cartwheel,cartwheel,cartwheel,correct,camera_far,konzerthaus,hispanic
cartwheel_12_modified_indian.mp4,cartwheel,cartwheel,cartwheel,correct,camera_far,konzerthaus,indian
cartwheel_12_modified_middle_eastern.mp4,cartwheel,cartwheel,cartwheel,correct,camera_far,konzerthaus,middle_eastern
cartwheel_12_modified_south_east_asian.mp4,cartwheel,cartwheel,cartwheel,correct,camera_far,konzerthaus,south_east_asian
cartwheel_12_modified_white.mp4,cartwheel,cartwheel,cartwheel,correct,camera_far,konzerthaus,white
cartwheel_13_initial.mp4,cartwheel,cartwheel,cartwheel,correct,camera_far,konzerthaus,white
cartwheel_13_modified_african.mp4,cartwheel,cartwheel,cartwheel,correct,camera_far,konzerthaus,african
cartwheel_13_modified_asian.mp4,cartwheel,cartwheel,cartwheel,correct,camera_far,konzerthaus,asian
cartwheel_13_modified_hispanic.mp4,cartwheel,cartwheel,cartwheel,correct,camera_far,konzerthaus,hispanic
cartwheel_13_modified_indian.mp4,cartwheel,cartwheel,cartwheel,correct,camera_far,konzerthaus,indian
cartwheel_13_modified_middle_eastern.mp4,cartwheel,yoga,yoga,incorrect,camera_far,konzerthaus,middle_eastern
cartwheel_13_modified_south_east_asian.mp4,cartwheel,cartwheel,cartwheel,correct,camera_far,konzerthaus,south_east_asian
cartwheel_14_initial.mp4,cartwheel,cartwheel,cartwheel,correct,camera_far,konzerthaus,white
cartwheel_14_modified_african.mp4,cartwheel,cartwheel,cartwheel,correct,camera_far,konzerthaus,african
cartwheel_14_modified_asian.mp4,cartwheel,cartwheel,cartwheel,correct,camera_far,konzerthaus,asian
cartwheel_14_modified_hispanic.mp4,cartwheel,cartwheel,cartwheel,correct,camera_far,konzerthaus,hispanic
cartwheel_14_modified_indian.mp4,cartwheel,cartwheel,cartwheel,correct,camera_far,konzerthaus,indian
cartwheel_14_modified_middle_eastern.mp4,cartwheel,cartwheel,cartwheel,correct,camera_far,konzerthaus,middle_eastern
cartwheel_14_modified_south_east_asian.mp4,cartwheel,cartwheel,cartwheel,correct,camera_far,konzerthaus,south_east_asian
cartwheel_15_initial.mp4,cartwheel,cartwheel,cartwheel,correct,camera_far,konzerthaus,white
cartwheel_15_modified_african.mp4,cartwheel,cartwheel,cartwheel,correct,camera_far,konzerthaus,african
cartwheel_15_modified_asian.mp4,cartwheel,cartwheel,cartwheel,correct,camera_far,konzerthaus,asian
cartwheel_15_modified_hispanic.mp4,cartwheel,cartwheel,cartwheel,correct,camera_far,konzerthaus,hispanic
cartwheel_15_modified_indian.mp4,cartwheel,cartwheel,cartwheel,correct,camera_far,konzerthaus,indian
cartwheel_15_modified_middle_eastern.mp4,cartwheel,cartwheel,cartwheel,correct,camera_far,konzerthaus,middle_eastern
cartwheel_15_modified_south_east_asian.mp4,cartwheel,cartwheel,cartwheel,correct,camera_far,konzerthaus,south_east_asian
cartwheel_16_initial.mp4,cartwheel,cartwheel,cartwheel,correct,camera_far,konzerthaus,african
cartwheel_16_modified_asian.mp4,cartwheel,cartwheel,cartwheel,correct,camera_far,konzerthaus,asian
cartwheel_16_modified_hispanic.mp4,cartwheel,yoga,yoga,incorrect,camera_far,konzerthaus,hispanic
cartwheel_16_modified_indian.mp4,cartwheel,cartwheel,cartwheel,correct,camera_far,konzerthaus,indian
cartwheel_16_modified_middle_eastern.mp4,cartwheel,yoga,yoga,incorrect,camera_far,konzerthaus,middle_eastern
cartwheel_16_modified_south_east_asian.mp4,cartwheel,cartwheel,cartwheel,correct,camera_far,konzerthaus,south_east_asian
cartwheel_16_modified_white.mp4,cartwheel,yoga,yoga,incorrect,camera_far,konzerthaus,white
cartwheel_17_initial.mp4,cartwheel,cartwheel,cartwheel,correct,camera_far,konzerthaus,white
cartwheel_17_modified_african.mp4,cartwheel,cartwheel,cartwheel,correct,camera_far,konzerthaus,african
cartwheel_17_modified_asian.mp4,cartwheel,cartwheel,cartwheel,correct,camera_far,konzerthaus,asian
cartwheel_17_modified_hispanic.mp4,cartwheel,cartwheel,cartwheel,correct,camera_far,konzerthaus,hispanic
cartwheel_17_modified_indian.mp4,cartwheel,cartwheel,cartwheel,correct,camera_far,konzerthaus,indian
cartwheel_17_modified_middle_eastern.mp4,cartwheel,cartwheel,cartwheel,correct,camera_far,konzerthaus,middle_eastern
cartwheel_17_modified_south_east_asian.mp4,cartwheel,cartwheel,cartwheel,correct,camera_far,konzerthaus,south_east_asian
cartwheel_18_initial.mp4,cartwheel,cartwheel,cartwheel,correct,camera_far,konzerthaus,asian
cartwheel_18_modified_african.mp4,cartwheel,cartwheel,cartwheel,correct,camera_far,konzerthaus,african
cartwheel_18_modified_hispanic.mp4,cartwheel,cartwheel,cartwheel,correct,camera_far,konzerthaus,hispanic
cartwheel_18_modified_indian.mp4,cartwheel,cartwheel,cartwheel,correct,camera_far,konzerthaus,indian
cartwheel_18_modified_middle_eastern.mp4,cartwheel,cartwheel,cartwheel,correct,camera_far,konzerthaus,middle_eastern
cartwheel_18_modified_south_east_asian.mp4,cartwheel,cartwheel,cartwheel,correct,camera_far,konzerthaus,south_east_asian
cartwheel_18_modified_white.mp4,cartwheel,cartwheel,cartwheel,correct,camera_far,konzerthaus,white
cartwheel_19_initial.mp4,cartwheel,yoga,yoga,incorrect,camera_far,konzerthaus,white
cartwheel_19_modified_african.mp4,cartwheel,cartwheel,cartwheel,correct,camera_far,konzerthaus,african
cartwheel_19_modified_asian.mp4,cartwheel,yoga,yoga,incorrect,camera_far,konzerthaus,asian
cartwheel_19_modified_hispanic.mp4,cartwheel,yoga,yoga,incorrect,camera_far,konzerthaus,hispanic
cartwheel_19_modified_indian.mp4,cartwheel,yoga,yoga,incorrect,camera_far,konzerthaus,indian
cartwheel_19_modified_middle_eastern.mp4,cartwheel,yoga,yoga,incorrect,camera_far,konzerthaus,middle_eastern
cartwheel_19_modified_south_east_asian.mp4,cartwheel,yoga,yoga,incorrect,camera_far,konzerthaus,south_east_asian
cartwheel_1_initial.mp4,cartwheel,cartwheel,cartwheel,correct,camera_far,konzerthaus,white
cartwheel_1_modified_african.mp4,cartwheel,cartwheel,cartwheel,correct,camera_far,konzerthaus,african
cartwheel_1_modified_asian.mp4,cartwheel,cartwheel,cartwheel,correct,camera_far,konzerthaus,asian
cartwheel_1_modified_hispanic.mp4,cartwheel,cartwheel,cartwheel,correct,camera_far,konzerthaus,hispanic
cartwheel_1_modified_indian.mp4,cartwheel,cartwheel,cartwheel,correct,camera_far,konzerthaus,indian
cartwheel_1_modified_middle_eastern.mp4,cartwheel,cartwheel,cartwheel,correct,camera_far,konzerthaus,middle_eastern
cartwheel_1_modified_south_east_asian.mp4,cartwheel,cartwheel,cartwheel,correct,camera_far,konzerthaus,south_east_asian
cartwheel_20_initial.mp4,cartwheel,cartwheel,cartwheel,correct,camera_far,konzerthaus,indian
cartwheel_20_modified_african.mp4,cartwheel,yoga,yoga,incorrect,camera_far,konzerthaus,african
cartwheel_20_modified_asian.mp4,cartwheel,cartwheel,cartwheel,correct,camera_far,konzerthaus,asian
cartwheel_20_modified_hispanic.mp4,cartwheel,cartwheel,cartwheel,correct,camera_far,konzerthaus,hispanic
cartwheel_20_modified_middle_eastern.mp4,cartwheel,cartwheel,cartwheel,correct,camera_far,konzerthaus,middle_eastern
cartwheel_20_modified_south_east_asian.mp4,cartwheel,cartwheel,cartwheel,correct,camera_far,konzerthaus,south_east_asian
cartwheel_20_modified_white.mp4,cartwheel,cartwheel,cartwheel,correct,camera_far,konzerthaus,white
cartwheel_21_initial.mp4,cartwheel,cartwheel,cartwheel,correct,camera_far,konzerthaus,middle_eastern
cartwheel_21_modified_african.mp4,cartwheel,cartwheel,cartwheel,correct,camera_far,konzerthaus,african
cartwheel_21_modified_asian.mp4,cartwheel,cartwheel,cartwheel,correct,camera_far,konzerthaus,asian
cartwheel_21_modified_hispanic.mp4,cartwheel,cartwheel,cartwheel,correct,camera_far,konzerthaus,hispanic
cartwheel_21_modified_indian.mp4,cartwheel,cartwheel,cartwheel,correct,camera_far,konzerthaus,indian
cartwheel_21_modified_south_east_asian.mp4,cartwheel,cartwheel,cartwheel,correct,camera_far,konzerthaus,south_east_asian
cartwheel_21_modified_white.mp4,cartwheel,cartwheel,cartwheel,correct,camera_far,konzerthaus,white
cartwheel_22_initial.mp4,cartwheel,cartwheel,cartwheel,correct,camera_far,konzerthaus,african
cartwheel_22_modified_asian.mp4,cartwheel,cartwheel,cartwheel,correct,camera_far,konzerthaus,asian
cartwheel_22_modified_hispanic.mp4,cartwheel,cartwheel,cartwheel,correct,camera_far,konzerthaus,hispanic
cartwheel_22_modified_indian.mp4,cartwheel,cartwheel,cartwheel,correct,camera_far,konzerthaus,indian
cartwheel_22_modified_middle_eastern.mp4,cartwheel,cartwheel,cartwheel,correct,camera_far,konzerthaus,middle_eastern
cartwheel_22_modified_south_east_asian.mp4,cartwheel,cartwheel,cartwheel,correct,camera_far,konzerthaus,south_east_asian
cartwheel_22_modified_white.mp4,cartwheel,cartwheel,cartwheel,correct,camera_far,konzerthaus,white
cartwheel_23_initial.mp4,cartwheel,cartwheel,cartwheel,correct,camera_far,konzerthaus,asian
cartwheel_23_modified_african.mp4,cartwheel,cartwheel,cartwheel,correct,camera_far,konzerthaus,african
cartwheel_23_modified_hispanic.mp4,cartwheel,cartwheel,cartwheel,correct,camera_far,konzerthaus,hispanic
cartwheel_23_modified_indian.mp4,cartwheel,cartwheel,cartwheel,correct,camera_far,konzerthaus,indian
cartwheel_23_modified_middle_eastern.mp4,cartwheel,cartwheel,cartwheel,correct,camera_far,konzerthaus,middle_eastern
cartwheel_23_modified_south_east_asian.mp4,cartwheel,cartwheel,cartwheel,correct,camera_far,konzerthaus,south_east_asian
cartwheel_23_modified_white.mp4,cartwheel,cartwheel,cartwheel,correct,camera_far,konzerthaus,white
cartwheel_24_initial.mp4,cartwheel,cartwheel,cartwheel,correct,camera_far,konzerthaus,white
cartwheel_24_modified_african.mp4,cartwheel,cartwheel,cartwheel,correct,camera_far,konzerthaus,african
cartwheel_24_modified_asian.mp4,cartwheel,cartwheel,cartwheel,correct,camera_far,konzerthaus,asian
cartwheel_24_modified_hispanic.mp4,cartwheel,cartwheel,cartwheel,correct,camera_far,konzerthaus,hispanic
cartwheel_24_modified_indian.mp4,cartwheel,cartwheel,cartwheel,correct,camera_far,konzerthaus,indian
cartwheel_24_modified_middle_eastern.mp4,cartwheel,cartwheel,cartwheel,correct,camera_far,konzerthaus,middle_eastern
cartwheel_24_modified_south_east_asian.mp4,cartwheel,yoga,yoga,incorrect,camera_far,konzerthaus,south_east_asian
cartwheel_2_initial.mp4,cartwheel,cartwheel,cartwheel,correct,camera_far,konzerthaus,south_east_asian
cartwheel_2_modified_african.mp4,cartwheel,cartwheel,cartwheel,correct,camera_far,konzerthaus,african
cartwheel_2_modified_asian.mp4,cartwheel,cartwheel,cartwheel,correct,camera_far,konzerthaus,asian
cartwheel_2_modified_hispanic.mp4,cartwheel,cartwheel,cartwheel,correct,camera_far,konzerthaus,hispanic
cartwheel_2_modified_indian.mp4,cartwheel,cartwheel,cartwheel,correct,camera_far,konzerthaus,indian
cartwheel_2_modified_middle_eastern.mp4,cartwheel,cartwheel,cartwheel,correct,camera_far,konzerthaus,middle_eastern
cartwheel_2_modified_white.mp4,cartwheel,cartwheel,cartwheel,correct,camera_far,konzerthaus,white
cartwheel_3_initial.mp4,cartwheel,cartwheel,cartwheel,correct,camera_far,konzerthaus,white
cartwheel_3_modified_african.mp4,cartwheel,cartwheel,cartwheel,correct,camera_far,konzerthaus,african
cartwheel_3_modified_asian.mp4,cartwheel,cartwheel,cartwheel,correct,camera_far,konzerthaus,asian
cartwheel_3_modified_hispanic.mp4,cartwheel,cartwheel,cartwheel,correct,camera_far,konzerthaus,hispanic
cartwheel_3_modified_indian.mp4,cartwheel,cartwheel,cartwheel,correct,camera_far,konzerthaus,indian
cartwheel_3_modified_middle_eastern.mp4,cartwheel,cartwheel,cartwheel,correct,camera_far,konzerthaus,middle_eastern
cartwheel_3_modified_south_east_asian.mp4,cartwheel,cartwheel,cartwheel,correct,camera_far,konzerthaus,south_east_asian
cartwheel_4_initial.mp4,cartwheel,cartwheel,cartwheel,correct,camera_far,konzerthaus,white
cartwheel_4_modified_african.mp4,cartwheel,cartwheel,cartwheel,correct,camera_far,konzerthaus,african
cartwheel_4_modified_asian.mp4,cartwheel,yoga,yoga,incorrect,camera_far,konzerthaus,asian
cartwheel_4_modified_hispanic.mp4,cartwheel,cartwheel,cartwheel,correct,camera_far,konzerthaus,hispanic
cartwheel_4_modified_indian.mp4,cartwheel,yoga,yoga,incorrect,camera_far,konzerthaus,indian
cartwheel_4_modified_middle_eastern.mp4,cartwheel,cartwheel,cartwheel,correct,camera_far,konzerthaus,middle_eastern
cartwheel_4_modified_south_east_asian.mp4,cartwheel,yoga,yoga,incorrect,camera_far,konzerthaus,south_east_asian
cartwheel_5_initial.mp4,cartwheel,yoga,yoga,incorrect,camera_far,konzerthaus,indian
cartwheel_5_modified_african.mp4,cartwheel,yoga,yoga,incorrect,camera_far,konzerthaus,african
cartwheel_5_modified_asian.mp4,cartwheel,cartwheel,cartwheel,correct,camera_far,konzerthaus,asian
cartwheel_5_modified_hispanic.mp4,cartwheel,yoga,yoga,incorrect,camera_far,konzerthaus,hispanic
cartwheel_5_modified_middle_eastern.mp4,cartwheel,cartwheel,cartwheel,correct,camera_far,konzerthaus,middle_eastern
cartwheel_5_modified_south_east_asian.mp4,cartwheel,cartwheel,cartwheel,correct,camera_far,konzerthaus,south_east_asian
cartwheel_5_modified_white.mp4,cartwheel,yoga,yoga,incorrect,camera_far,konzerthaus,white
cartwheel_6_initial.mp4,cartwheel,cartwheel,cartwheel,correct,camera_far,konzerthaus,hispanic
cartwheel_6_modified_african.mp4,cartwheel,cartwheel,cartwheel,correct,camera_far,konzerthaus,african
cartwheel_6_modified_asian.mp4,cartwheel,cartwheel,cartwheel,correct,camera_far,konzerthaus,asian
cartwheel_6_modified_indian.mp4,cartwheel,cartwheel,cartwheel,correct,camera_far,konzerthaus,indian
cartwheel_6_modified_middle_eastern.mp4,cartwheel,cartwheel,cartwheel,correct,camera_far,konzerthaus,middle_eastern
cartwheel_6_modified_south_east_asian.mp4,cartwheel,cartwheel,cartwheel,correct,camera_far,konzerthaus,south_east_asian
cartwheel_6_modified_white.mp4,cartwheel,cartwheel,cartwheel,correct,camera_far,konzerthaus,white
cartwheel_7_initial.mp4,cartwheel,yoga,yoga,incorrect,camera_far,konzerthaus,south_east_asian
cartwheel_7_modified_african.mp4,cartwheel,yoga,yoga,incorrect,camera_far,konzerthaus,african
cartwheel_7_modified_asian.mp4,cartwheel,yoga,yoga,incorrect,camera_far,konzerthaus,asian
cartwheel_7_modified_hispanic.mp4,cartwheel,yoga,yoga,incorrect,camera_far,konzerthaus,hispanic
cartwheel_7_modified_indian.mp4,cartwheel,yoga,yoga,incorrect,camera_far,konzerthaus,indian
cartwheel_7_modified_middle_eastern.mp4,cartwheel,yoga,yoga,incorrect,camera_far,konzerthaus,middle_eastern
cartwheel_7_modified_white.mp4,cartwheel,yoga,yoga,incorrect,camera_far,konzerthaus,white
cartwheel_8_initial.mp4,cartwheel,cartwheel,cartwheel,correct,camera_far,konzerthaus,white
cartwheel_8_modified_african.mp4,cartwheel,cartwheel,cartwheel,correct,camera_far,konzerthaus,african
cartwheel_8_modified_asian.mp4,cartwheel,cartwheel,cartwheel,correct,camera_far,konzerthaus,asian
cartwheel_8_modified_hispanic.mp4,cartwheel,cartwheel,cartwheel,correct,camera_far,konzerthaus,hispanic
cartwheel_8_modified_indian.mp4,cartwheel,cartwheel,cartwheel,correct,camera_far,konzerthaus,indian
cartwheel_8_modified_middle_eastern.mp4,cartwheel,cartwheel,cartwheel,correct,camera_far,konzerthaus,middle_eastern
cartwheel_8_modified_south_east_asian.mp4,cartwheel,cartwheel,cartwheel,correct,camera_far,konzerthaus,south_east_asian
cartwheel_9_initial.mp4,cartwheel,cartwheel,cartwheel,correct,camera_far,konzerthaus,white
cartwheel_9_modified_african.mp4,cartwheel,yoga,yoga,incorrect,camera_far,konzerthaus,african
cartwheel_9_modified_asian.mp4,cartwheel,yoga,yoga,incorrect,camera_far,konzerthaus,asian
cartwheel_9_modified_hispanic.mp4,cartwheel,cartwheel,cartwheel,correct,camera_far,konzerthaus,hispanic
cartwheel_9_modified_indian.mp4,cartwheel,cartwheel,cartwheel,correct,camera_far,konzerthaus,indian
cartwheel_9_modified_middle_eastern.mp4,cartwheel,yoga,yoga,incorrect,camera_far,konzerthaus,middle_eastern
cartwheel_9_modified_south_east_asian.mp4,cartwheel,cartwheel,cartwheel,correct,camera_far,konzerthaus,south_east_asian
drink_0_initial.mp4,drink,yoga,yoga,incorrect,camera_far,konzerthaus,white
drink_0_modified_african.mp4,drink,cartwheel,cartwheel,incorrect,camera_far,konzerthaus,african
drink_0_modified_asian.mp4,drink,yoga,yoga,incorrect,camera_far,konzerthaus,asian
drink_0_modified_hispanic.mp4,drink,yoga,yoga,incorrect,camera_far,konzerthaus,hispanic
drink_0_modified_indian.mp4,drink,yoga,yoga,incorrect,camera_far,konzerthaus,indian
drink_0_modified_middle_eastern.mp4,drink,yoga,yoga,incorrect,camera_far,konzerthaus,middle_eastern
drink_0_modified_south_east_asian.mp4,drink,yoga,yoga,incorrect,camera_far,konzerthaus,south_east_asian
drink_10_initial.mp4,drink,cartwheel,cartwheel,incorrect,camera_far,konzerthaus,white
drink_10_modified_african.mp4,drink,other,other,incorrect,camera_far,konzerthaus,african
drink_10_modified_asian.mp4,drink,squat,squat,incorrect,camera_far,konzerthaus,asian
drink_10_modified_hispanic.mp4,drink,other,other,incorrect,camera_far,konzerthaus,hispanic
drink_10_modified_indian.mp4,drink,other,other,incorrect,camera_far,konzerthaus,indian
drink_10_modified_middle_eastern.mp4,drink,cartwheel,cartwheel,incorrect,camera_far,konzerthaus,middle_eastern
drink_10_modified_south_east_asian.mp4,drink,other,other,incorrect,camera_far,konzerthaus,south_east_asian
drink_11_initial.mp4,drink,yoga,yoga,incorrect,camera_far,konzerthaus,white
drink_11_modified_african.mp4,drink,cartwheel,cartwheel,incorrect,camera_far,konzerthaus,african
drink_11_modified_asian.mp4,drink,yoga,yoga,incorrect,camera_far,konzerthaus,asian
drink_11_modified_hispanic.mp4,drink,yoga,yoga,incorrect,camera_far,konzerthaus,hispanic
drink_11_modified_indian.mp4,drink,yoga,yoga,incorrect,camera_far,konzerthaus,indian
drink_11_modified_middle_eastern.mp4,drink,yoga,yoga,incorrect,camera_far,konzerthaus,middle_eastern
drink_11_modified_south_east_asian.mp4,drink,yoga,yoga,incorrect,camera_far,konzerthaus,south_east_asian
drink_12_initial.mp4,drink,cartwheel,cartwheel,incorrect,camera_far,konzerthaus,african
drink_12_modified_asian.mp4,drink,cartwheel,cartwheel,incorrect,camera_far,konzerthaus,asian
drink_12_modified_hispanic.mp4,drink,other,other,incorrect,camera_far,konzerthaus,hispanic
drink_12_modified_indian.mp4,drink,other,other,incorrect,camera_far,konzerthaus,indian
drink_12_modified_middle_eastern.mp4,drink,other,other,incorrect,camera_far,konzerthaus,middle_eastern
drink_12_modified_south_east_asian.mp4,drink,other,other,incorrect,camera_far,konzerthaus,south_east_asian
drink_12_modified_white.mp4,drink,cartwheel,cartwheel,incorrect,camera_far,konzerthaus,white
drink_13_initial.mp4,drink,other,other,incorrect,camera_far,konzerthaus,white
drink_13_modified_african.mp4,drink,other,other,incorrect,camera_far,konzerthaus,african
drink_13_modified_asian.mp4,drink,other,other,incorrect,camera_far,konzerthaus,asian
drink_13_modified_hispanic.mp4,drink,other,other,incorrect,camera_far,konzerthaus,hispanic
drink_13_modified_indian.mp4,drink,other,other,incorrect,camera_far,konzerthaus,indian
drink_13_modified_middle_eastern.mp4,drink,other,other,incorrect,camera_far,konzerthaus,middle_eastern
drink_13_modified_south_east_asian.mp4,drink,other,other,incorrect,camera_far,konzerthaus,south_east_asian
drink_14_initial.mp4,drink,cartwheel,cartwheel,incorrect,camera_far,konzerthaus,white
drink_14_modified_african.mp4,drink,cartwheel,cartwheel,incorrect,camera_far,konzerthaus,african
drink_14_modified_asian.mp4,drink,cartwheel,cartwheel,incorrect,camera_far,konzerthaus,asian
drink_14_modified_hispanic.mp4,drink,cartwheel,cartwheel,incorrect,camera_far,konzerthaus,hispanic
drink_14_modified_indian.mp4,drink,cartwheel,cartwheel,incorrect,camera_far,konzerthaus,indian
drink_14_modified_middle_eastern.mp4,drink,cartwheel,cartwheel,incorrect,camera_far,konzerthaus,middle_eastern
drink_14_modified_south_east_asian.mp4,drink,cartwheel,cartwheel,incorrect,camera_far,konzerthaus,south_east_asian
drink_15_initial.mp4,drink,drink,drink,correct,camera_far,konzerthaus,white
drink_15_modified_african.mp4,drink,yoga,yoga,incorrect,camera_far,konzerthaus,african
drink_15_modified_asian.mp4,drink,yoga,yoga,incorrect,camera_far,konzerthaus,asian
drink_15_modified_hispanic.mp4,drink,yoga,yoga,incorrect,camera_far,konzerthaus,hispanic
drink_15_modified_indian.mp4,drink,yoga,yoga,incorrect,camera_far,konzerthaus,indian
drink_15_modified_middle_eastern.mp4,drink,yoga,yoga,incorrect,camera_far,konzerthaus,middle_eastern
drink_15_modified_south_east_asian.mp4,drink,yoga,yoga,incorrect,camera_far,konzerthaus,south_east_asian
drink_16_initial.mp4,drink,cartwheel,cartwheel,incorrect,camera_far,konzerthaus,african
drink_16_modified_asian.mp4,drink,other,other,incorrect,camera_far,konzerthaus,asian
drink_16_modified_hispanic.mp4,drink,other,other,incorrect,camera_far,konzerthaus,hispanic
drink_16_modified_indian.mp4,drink,cartwheel,cartwheel,incorrect,camera_far,konzerthaus,indian
drink_16_modified_middle_eastern.mp4,drink,other,other,incorrect,camera_far,konzerthaus,middle_eastern
drink_16_modified_south_east_asian.mp4,drink,cartwheel,cartwheel,incorrect,camera_far,konzerthaus,south_east_asian
drink_16_modified_white.mp4,drink,squat,squat,incorrect,camera_far,konzerthaus,white
drink_17_initial.mp4,drink,yoga,yoga,incorrect,camera_far,konzerthaus,white
drink_17_modified_african.mp4,drink,lunge,lunge,incorrect,camera_far,konzerthaus,african
drink_17_modified_asian.mp4,drink,yoga,yoga,incorrect,camera_far,konzerthaus,asian
drink_17_modified_hispanic.mp4,drink,yoga,yoga,incorrect,camera_far,konzerthaus,hispanic
drink_17_modified_indian.mp4,drink,yoga,yoga,incorrect,camera_far,konzerthaus,indian
drink_17_modified_middle_eastern.mp4,drink,yoga,yoga,incorrect,camera_far,konzerthaus,middle_eastern
drink_17_modified_south_east_asian.mp4,drink,yoga,yoga,incorrect,camera_far,konzerthaus,south_east_asian
drink_18_initial.mp4,drink,squat,squat,incorrect,camera_far,konzerthaus,asian
drink_18_modified_african.mp4,drink,squat,squat,incorrect,camera_far,konzerthaus,african
drink_18_modified_hispanic.mp4,drink,lunge,lunge,incorrect,camera_far,konzerthaus,hispanic
drink_18_modified_indian.mp4,drink,lunge,lunge,incorrect,camera_far,konzerthaus,indian
drink_18_modified_middle_eastern.mp4,drink,lunge,lunge,incorrect,camera_far,konzerthaus,middle_eastern
drink_18_modified_south_east_asian.mp4,drink,lunge,lunge,incorrect,camera_far,konzerthaus,south_east_asian
drink_18_modified_white.mp4,drink,lunge,lunge,incorrect,camera_far,konzerthaus,white
drink_19_initial.mp4,drink,yoga,yoga,incorrect,camera_far,konzerthaus,white
drink_19_modified_african.mp4,drink,yoga,yoga,incorrect,camera_far,konzerthaus,african
drink_19_modified_asian.mp4,drink,yoga,yoga,incorrect,camera_far,konzerthaus,asian
drink_19_modified_hispanic.mp4,drink,yoga,yoga,incorrect,camera_far,konzerthaus,hispanic
drink_19_modified_indian.mp4,drink,yoga,yoga,incorrect,camera_far,konzerthaus,indian
drink_19_modified_middle_eastern.mp4,drink,yoga,yoga,incorrect,camera_far,konzerthaus,middle_eastern
drink_19_modified_south_east_asian.mp4,drink,yoga,yoga,incorrect,camera_far,konzerthaus,south_east_asian
drink_1_initial.mp4,drink,yoga,yoga,incorrect,camera_far,konzerthaus,white
drink_1_modified_african.mp4,drink,yoga,yoga,incorrect,camera_far,konzerthaus,african
drink_1_modified_asian.mp4,drink,yoga,yoga,incorrect,camera_far,konzerthaus,asian
drink_1_modified_hispanic.mp4,drink,yoga,yoga,incorrect,camera_far,konzerthaus,hispanic
drink_1_modified_indian.mp4,drink,yoga,yoga,incorrect,camera_far,konzerthaus,indian
drink_1_modified_middle_eastern.mp4,drink,yoga,yoga,incorrect,camera_far,konzerthaus,middle_eastern
drink_1_modified_south_east_asian.mp4,drink,yoga,yoga,incorrect,camera_far,konzerthaus,south_east_asian
drink_20_initial.mp4,drink,cartwheel,cartwheel,incorrect,camera_far,konzerthaus,indian
drink_20_modified_african.mp4,drink,squat,squat,incorrect,camera_far,konzerthaus,african
drink_20_modified_asian.mp4,drink,cartwheel,cartwheel,incorrect,camera_far,konzerthaus,asian
drink_20_modified_hispanic.mp4,drink,cartwheel,cartwheel,incorrect,camera_far,konzerthaus,hispanic
drink_20_modified_middle_eastern.mp4,drink,cartwheel,cartwheel,incorrect,camera_far,konzerthaus,middle_eastern
drink_20_modified_south_east_asian.mp4,drink,cartwheel,cartwheel,incorrect,camera_far,konzerthaus,south_east_asian
drink_20_modified_white.mp4,drink,cartwheel,cartwheel,incorrect,camera_far,konzerthaus,white
drink_21_initial.mp4,drink,yoga,yoga,incorrect,camera_far,konzerthaus,middle_eastern
drink_21_modified_african.mp4,drink,squat,squat,incorrect,camera_far,konzerthaus,african
drink_21_modified_asian.mp4,drink,squat,squat,incorrect,camera_far,konzerthaus,asian
drink_21_modified_hispanic.mp4,drink,squat,squat,incorrect,camera_far,konzerthaus,hispanic
drink_21_modified_indian.mp4,drink,squat,squat,incorrect,camera_far,konzerthaus,indian
drink_21_modified_south_east_asian.mp4,drink,yoga,yoga,incorrect,camera_far,konzerthaus,south_east_asian
drink_21_modified_white.mp4,drink,squat,squat,incorrect,camera_far,konzerthaus,white
drink_22_initial.mp4,drink,yoga,yoga,incorrect,camera_far,konzerthaus,african
drink_22_modified_asian.mp4,drink,yoga,yoga,incorrect,camera_far,konzerthaus,asian
drink_22_modified_hispanic.mp4,drink,yoga,yoga,incorrect,camera_far,konzerthaus,hispanic
drink_22_modified_indian.mp4,drink,yoga,yoga,incorrect,camera_far,konzerthaus,indian
drink_22_modified_middle_eastern.mp4,drink,yoga,yoga,incorrect,camera_far,konzerthaus,middle_eastern
drink_22_modified_south_east_asian.mp4,drink,drink,drink,correct,camera_far,konzerthaus,south_east_asian
drink_22_modified_white.mp4,drink,yoga,yoga,incorrect,camera_far,konzerthaus,white
drink_23_initial.mp4,drink,cartwheel,cartwheel,incorrect,camera_far,konzerthaus,asian
drink_23_modified_african.mp4,drink,cartwheel,cartwheel,incorrect,camera_far,konzerthaus,african
drink_23_modified_hispanic.mp4,drink,cartwheel,cartwheel,incorrect,camera_far,konzerthaus,hispanic
drink_23_modified_indian.mp4,drink,other,other,incorrect,camera_far,konzerthaus,indian
drink_23_modified_middle_eastern.mp4,drink,squat,squat,incorrect,camera_far,konzerthaus,middle_eastern
drink_23_modified_south_east_asian.mp4,drink,other,other,incorrect,camera_far,konzerthaus,south_east_asian
drink_23_modified_white.mp4,drink,squat,squat,incorrect,camera_far,konzerthaus,white
drink_24_initial.mp4,drink,yoga,yoga,incorrect,camera_far,konzerthaus,white
drink_24_modified_african.mp4,drink,yoga,yoga,incorrect,camera_far,konzerthaus,african
drink_24_modified_asian.mp4,drink,yoga,yoga,incorrect,camera_far,konzerthaus,asian
drink_24_modified_hispanic.mp4,drink,yoga,yoga,incorrect,camera_far,konzerthaus,hispanic
drink_24_modified_indian.mp4,drink,yoga,yoga,incorrect,camera_far,konzerthaus,indian
drink_24_modified_middle_eastern.mp4,drink,yoga,yoga,incorrect,camera_far,konzerthaus,middle_eastern
drink_24_modified_south_east_asian.mp4,drink,yoga,yoga,incorrect,camera_far,konzerthaus,south_east_asian
drink_2_initial.mp4,drink,yoga,yoga,incorrect,camera_far,konzerthaus,south_east_asian
drink_2_modified_african.mp4,drink,cartwheel,cartwheel,incorrect,camera_far,konzerthaus,african
drink_2_modified_asian.mp4,drink,yoga,yoga,incorrect,camera_far,konzerthaus,asian
drink_2_modified_hispanic.mp4,drink,yoga,yoga,incorrect,camera_far,konzerthaus,hispanic
drink_2_modified_indian.mp4,drink,yoga,yoga,incorrect,camera_far,konzerthaus,indian
drink_2_modified_middle_eastern.mp4,drink,yoga,yoga,incorrect,camera_far,konzerthaus,middle_eastern
drink_2_modified_white.mp4,drink,yoga,yoga,incorrect,camera_far,konzerthaus,white
drink_3_initial.mp4,drink,yoga,yoga,incorrect,camera_far,konzerthaus,white
drink_3_modified_african.mp4,drink,yoga,yoga,incorrect,camera_far,konzerthaus,african
drink_3_modified_asian.mp4,drink,yoga,yoga,incorrect,camera_far,konzerthaus,asian
drink_3_modified_hispanic.mp4,drink,yoga,yoga,incorrect,camera_far,konzerthaus,hispanic
drink_3_modified_indian.mp4,drink,other,other,incorrect,camera_far,konzerthaus,indian
drink_3_modified_middle_eastern.mp4,drink,yoga,yoga,incorrect,camera_far,konzerthaus,middle_eastern
drink_3_modified_south_east_asian.mp4,drink,yoga,yoga,incorrect,camera_far,konzerthaus,south_east_asian
drink_4_initial.mp4,drink,squat,squat,incorrect,camera_far,konzerthaus,white
drink_4_modified_african.mp4,drink,squat,squat,incorrect,camera_far,konzerthaus,african
drink_4_modified_asian.mp4,drink,squat,squat,incorrect,camera_far,konzerthaus,asian
drink_4_modified_hispanic.mp4,drink,squat,squat,incorrect,camera_far,konzerthaus,hispanic
drink_4_modified_indian.mp4,drink,yoga,yoga,incorrect,camera_far,konzerthaus,indian
drink_4_modified_middle_eastern.mp4,drink,yoga,yoga,incorrect,camera_far,konzerthaus,middle_eastern
drink_4_modified_south_east_asian.mp4,drink,yoga,yoga,incorrect,camera_far,konzerthaus,south_east_asian
drink_5_initial.mp4,drink,other,other,incorrect,camera_far,konzerthaus,indian
drink_5_modified_african.mp4,drink,other,other,incorrect,camera_far,konzerthaus,african
drink_5_modified_asian.mp4,drink,other,other,incorrect,camera_far,konzerthaus,asian
drink_5_modified_hispanic.mp4,drink,other,other,incorrect,camera_far,konzerthaus,hispanic
drink_5_modified_middle_eastern.mp4,drink,other,other,incorrect,camera_far,konzerthaus,middle_eastern
drink_5_modified_south_east_asian.mp4,drink,other,other,incorrect,camera_far,konzerthaus,south_east_asian
drink_5_modified_white.mp4,drink,other,other,incorrect,camera_far,konzerthaus,white
drink_6_initial.mp4,drink,yoga,yoga,incorrect,camera_far,konzerthaus,hispanic
drink_6_modified_african.mp4,drink,yoga,yoga,incorrect,camera_far,konzerthaus,african
drink_6_modified_asian.mp4,drink,yoga,yoga,incorrect,camera_far,konzerthaus,asian
drink_6_modified_indian.mp4,drink,yoga,yoga,incorrect,camera_far,konzerthaus,indian
drink_6_modified_middle_eastern.mp4,drink,yoga,yoga,incorrect,camera_far,konzerthaus,middle_eastern
drink_6_modified_south_east_asian.mp4,drink,yoga,yoga,incorrect,camera_far,konzerthaus,south_east_asian
drink_6_modified_white.mp4,drink,yoga,yoga,incorrect,camera_far,konzerthaus,white
drink_7_initial.mp4,drink,yoga,yoga,incorrect,camera_far,konzerthaus,south_east_asian
drink_7_modified_african.mp4,drink,other,other,incorrect,camera_far,konzerthaus,african
drink_7_modified_asian.mp4,drink,other,other,incorrect,camera_far,konzerthaus,asian
drink_7_modified_hispanic.mp4,drink,drink,drink,correct,camera_far,konzerthaus,hispanic
drink_7_modified_indian.mp4,drink,other,other,incorrect,camera_far,konzerthaus,indian
drink_7_modified_middle_eastern.mp4,drink,drink,drink,correct,camera_far,konzerthaus,middle_eastern
drink_7_modified_white.mp4,drink,drink,drink,correct,camera_far,konzerthaus,white
drink_8_initial.mp4,drink,yoga,yoga,incorrect,camera_far,konzerthaus,white
drink_8_modified_african.mp4,drink,yoga,yoga,incorrect,camera_far,konzerthaus,african
drink_8_modified_asian.mp4,drink,yoga,yoga,incorrect,camera_far,konzerthaus,asian
drink_8_modified_hispanic.mp4,drink,yoga,yoga,incorrect,camera_far,konzerthaus,hispanic
drink_8_modified_indian.mp4,drink,yoga,yoga,incorrect,camera_far,konzerthaus,indian
drink_8_modified_middle_eastern.mp4,drink,yoga,yoga,incorrect,camera_far,konzerthaus,middle_eastern
drink_8_modified_south_east_asian.mp4,drink,yoga,yoga,incorrect,camera_far,konzerthaus,south_east_asian
drink_9_initial.mp4,drink,yoga,yoga,incorrect,camera_far,konzerthaus,white
drink_9_modified_african.mp4,drink,yoga,yoga,incorrect,camera_far,konzerthaus,african
drink_9_modified_asian.mp4,drink,yoga,yoga,incorrect,camera_far,konzerthaus,asian
drink_9_modified_hispanic.mp4,drink,yoga,yoga,incorrect,camera_far,konzerthaus,hispanic
drink_9_modified_indian.mp4,drink,yoga,yoga,incorrect,camera_far,konzerthaus,indian
drink_9_modified_middle_eastern.mp4,drink,yoga,yoga,incorrect,camera_far,konzerthaus,middle_eastern
drink_9_modified_south_east_asian.mp4,drink,yoga,yoga,incorrect,camera_far,konzerthaus,south_east_asian
lunge_0_initial.mp4,lunge,yoga,yoga,incorrect,camera_far,konzerthaus,white
lunge_0_modified_african.mp4,lunge,yoga,yoga,incorrect,camera_far,konzerthaus,african
lunge_0_modified_asian.mp4,lunge,yoga,yoga,incorrect,camera_far,konzerthaus,asian
lunge_0_modified_hispanic.mp4,lunge,yoga,yoga,incorrect,camera_far,konzerthaus,hispanic
lunge_0_modified_indian.mp4,lunge,yoga,yoga,incorrect,camera_far,konzerthaus,indian
lunge_0_modified_middle_eastern.mp4,lunge,yoga,yoga,incorrect,camera_far,konzerthaus,middle_eastern
lunge_0_modified_south_east_asian.mp4,lunge,yoga,yoga,incorrect,camera_far,konzerthaus,south_east_asian
lunge_10_initial.mp4,lunge,yoga,yoga,incorrect,camera_far,konzerthaus,white
lunge_10_modified_african.mp4,lunge,yoga,yoga,incorrect,camera_far,konzerthaus,african
lunge_10_modified_asian.mp4,lunge,yoga,yoga,incorrect,camera_far,konzerthaus,asian
lunge_10_modified_hispanic.mp4,lunge,yoga,yoga,incorrect,camera_far,konzerthaus,hispanic
lunge_10_modified_indian.mp4,lunge,yoga,yoga,incorrect,camera_far,konzerthaus,indian
lunge_10_modified_middle_eastern.mp4,lunge,yoga,yoga,incorrect,camera_far,konzerthaus,middle_eastern
lunge_10_modified_south_east_asian.mp4,lunge,yoga,yoga,incorrect,camera_far,konzerthaus,south_east_asian
lunge_11_initial.mp4,lunge,yoga,yoga,incorrect,camera_far,konzerthaus,white
lunge_11_modified_african.mp4,lunge,cartwheel,cartwheel,incorrect,camera_far,konzerthaus,african
lunge_11_modified_asian.mp4,lunge,cartwheel,cartwheel,incorrect,camera_far,konzerthaus,asian
lunge_11_modified_hispanic.mp4,lunge,yoga,yoga,incorrect,camera_far,konzerthaus,hispanic
lunge_11_modified_indian.mp4,lunge,cartwheel,cartwheel,incorrect,camera_far,konzerthaus,indian
lunge_11_modified_middle_eastern.mp4,lunge,yoga,yoga,incorrect,camera_far,konzerthaus,middle_eastern
lunge_11_modified_south_east_asian.mp4,lunge,cartwheel,cartwheel,incorrect,camera_far,konzerthaus,south_east_asian
lunge_12_initial.mp4,lunge,yoga,yoga,incorrect,camera_far,konzerthaus,african
lunge_12_modified_asian.mp4,lunge,yoga,yoga,incorrect,camera_far,konzerthaus,asian
lunge_12_modified_hispanic.mp4,lunge,yoga,yoga,incorrect,camera_far,konzerthaus,hispanic
lunge_12_modified_indian.mp4,lunge,yoga,yoga,incorrect,camera_far,konzerthaus,indian
lunge_12_modified_middle_eastern.mp4,lunge,yoga,yoga,incorrect,camera_far,konzerthaus,middle_eastern
lunge_12_modified_south_east_asian.mp4,lunge,squat,squat,incorrect,camera_far,konzerthaus,south_east_asian
lunge_12_modified_white.mp4,lunge,squat,squat,incorrect,camera_far,konzerthaus,white
lunge_13_initial.mp4,lunge,cartwheel,cartwheel,incorrect,camera_far,konzerthaus,white
lunge_13_modified_african.mp4,lunge,cartwheel,cartwheel,incorrect,camera_far,konzerthaus,african
lunge_13_modified_asian.mp4,lunge,yoga,yoga,incorrect,camera_far,konzerthaus,asian
lunge_13_modified_hispanic.mp4,lunge,squat,squat,incorrect,camera_far,konzerthaus,hispanic
lunge_13_modified_indian.mp4,lunge,yoga,yoga,incorrect,camera_far,konzerthaus,indian
lunge_13_modified_middle_eastern.mp4,lunge,yoga,yoga,incorrect,camera_far,konzerthaus,middle_eastern
lunge_13_modified_south_east_asian.mp4,lunge,cartwheel,cartwheel,incorrect,camera_far,konzerthaus,south_east_asian
lunge_14_initial.mp4,lunge,yoga,yoga,incorrect,camera_far,konzerthaus,white
lunge_14_modified_african.mp4,lunge,cartwheel,cartwheel,incorrect,camera_far,konzerthaus,african
lunge_14_modified_asian.mp4,lunge,cartwheel,cartwheel,incorrect,camera_far,konzerthaus,asian
lunge_14_modified_hispanic.mp4,lunge,yoga,yoga,incorrect,camera_far,konzerthaus,hispanic
lunge_14_modified_indian.mp4,lunge,cartwheel,cartwheel,incorrect,camera_far,konzerthaus,indian
lunge_14_modified_middle_eastern.mp4,lunge,yoga,yoga,incorrect,camera_far,konzerthaus,middle_eastern
lunge_14_modified_south_east_asian.mp4,lunge,cartwheel,cartwheel,incorrect,camera_far,konzerthaus,south_east_asian
lunge_15_initial.mp4,lunge,lunge,lunge,correct,camera_far,konzerthaus,white
lunge_15_modified_african.mp4,lunge,lunge,lunge,correct,camera_far,konzerthaus,african
lunge_15_modified_asian.mp4,lunge,cartwheel,cartwheel,incorrect,camera_far,konzerthaus,asian
lunge_15_modified_hispanic.mp4,lunge,lunge,lunge,correct,camera_far,konzerthaus,hispanic
lunge_15_modified_indian.mp4,lunge,lunge,lunge,correct,camera_far,konzerthaus,indian
lunge_15_modified_middle_eastern.mp4,lunge,lunge,lunge,correct,camera_far,konzerthaus,middle_eastern
lunge_15_modified_south_east_asian.mp4,lunge,lunge,lunge,correct,camera_far,konzerthaus,south_east_asian
lunge_16_initial.mp4,lunge,other,other,incorrect,camera_far,konzerthaus,african
lunge_16_modified_asian.mp4,lunge,yoga,yoga,incorrect,camera_far,konzerthaus,asian
lunge_16_modified_hispanic.mp4,lunge,yoga,yoga,incorrect,camera_far,konzerthaus,hispanic
lunge_16_modified_indian.mp4,lunge,yoga,yoga,incorrect,camera_far,konzerthaus,indian
lunge_16_modified_middle_eastern.mp4,lunge,yoga,yoga,incorrect,camera_far,konzerthaus,middle_eastern
lunge_16_modified_south_east_asian.mp4,lunge,yoga,yoga,incorrect,camera_far,konzerthaus,south_east_asian
lunge_16_modified_white.mp4,lunge,yoga,yoga,incorrect,camera_far,konzerthaus,white
lunge_17_initial.mp4,lunge,yoga,yoga,incorrect,camera_far,konzerthaus,white
lunge_17_modified_african.mp4,lunge,cartwheel,cartwheel,incorrect,camera_far,konzerthaus,african
lunge_17_modified_asian.mp4,lunge,cartwheel,cartwheel,incorrect,camera_far,konzerthaus,asian
lunge_17_modified_hispanic.mp4,lunge,cartwheel,cartwheel,incorrect,camera_far,konzerthaus,hispanic
lunge_17_modified_indian.mp4,lunge,yoga,yoga,incorrect,camera_far,konzerthaus,indian
lunge_17_modified_middle_eastern.mp4,lunge,cartwheel,cartwheel,incorrect,camera_far,konzerthaus,middle_eastern
lunge_17_modified_south_east_asian.mp4,lunge,cartwheel,cartwheel,incorrect,camera_far,konzerthaus,south_east_asian
lunge_18_initial.mp4,lunge,yoga,yoga,incorrect,camera_far,konzerthaus,asian
lunge_18_modified_african.mp4,lunge,yoga,yoga,incorrect,camera_far,konzerthaus,african
lunge_18_modified_hispanic.mp4,lunge,squat,squat,incorrect,camera_far,konzerthaus,hispanic
lunge_18_modified_indian.mp4,lunge,yoga,yoga,incorrect,camera_far,konzerthaus,indian
lunge_18_modified_middle_eastern.mp4,lunge,yoga,yoga,incorrect,camera_far,konzerthaus,middle_eastern
lunge_18_modified_south_east_asian.mp4,lunge,squat,squat,incorrect,camera_far,konzerthaus,south_east_asian
lunge_18_modified_white.mp4,lunge,squat,squat,incorrect,camera_far,konzerthaus,white
lunge_19_initial.mp4,lunge,yoga,yoga,incorrect,camera_far,konzerthaus,white
lunge_19_modified_african.mp4,lunge,other,other,incorrect,camera_far,konzerthaus,african
lunge_19_modified_asian.mp4,lunge,yoga,yoga,incorrect,camera_far,konzerthaus,asian
lunge_19_modified_hispanic.mp4,lunge,yoga,yoga,incorrect,camera_far,konzerthaus,hispanic
lunge_19_modified_indian.mp4,lunge,yoga,yoga,incorrect,camera_far,konzerthaus,indian
lunge_19_modified_middle_eastern.mp4,lunge,yoga,yoga,incorrect,camera_far,konzerthaus,middle_eastern
lunge_19_modified_south_east_asian.mp4,lunge,yoga,yoga,incorrect,camera_far,konzerthaus,south_east_asian
lunge_1_initial.mp4,lunge,yoga,yoga,incorrect,camera_far,konzerthaus,white
lunge_1_modified_african.mp4,lunge,yoga,yoga,incorrect,camera_far,konzerthaus,african
lunge_1_modified_asian.mp4,lunge,yoga,yoga,incorrect,camera_far,konzerthaus,asian
lunge_1_modified_hispanic.mp4,lunge,yoga,yoga,incorrect,camera_far,konzerthaus,hispanic
lunge_1_modified_indian.mp4,lunge,yoga,yoga,incorrect,camera_far,konzerthaus,indian
lunge_1_modified_middle_eastern.mp4,lunge,yoga,yoga,incorrect,camera_far,konzerthaus,middle_eastern
lunge_1_modified_south_east_asian.mp4,lunge,yoga,yoga,incorrect,camera_far,konzerthaus,south_east_asian
lunge_20_initial.mp4,lunge,yoga,yoga,incorrect,camera_far,konzerthaus,indian
lunge_20_modified_african.mp4,lunge,cartwheel,cartwheel,incorrect,camera_far,konzerthaus,african
lunge_20_modified_asian.mp4,lunge,yoga,yoga,incorrect,camera_far,konzerthaus,asian
lunge_20_modified_hispanic.mp4,lunge,yoga,yoga,incorrect,camera_far,konzerthaus,hispanic
lunge_20_modified_middle_eastern.mp4,lunge,yoga,yoga,incorrect,camera_far,konzerthaus,middle_eastern
lunge_20_modified_south_east_asian.mp4,lunge,yoga,yoga,incorrect,camera_far,konzerthaus,south_east_asian
lunge_20_modified_white.mp4,lunge,yoga,yoga,incorrect,camera_far,konzerthaus,white
lunge_21_initial.mp4,lunge,yoga,yoga,incorrect,camera_far,konzerthaus,middle_eastern
lunge_21_modified_african.mp4,lunge,cartwheel,cartwheel,incorrect,camera_far,konzerthaus,african
lunge_21_modified_asian.mp4,lunge,cartwheel,cartwheel,incorrect,camera_far,konzerthaus,asian
lunge_21_modified_hispanic.mp4,lunge,yoga,yoga,incorrect,camera_far,konzerthaus,hispanic
lunge_21_modified_indian.mp4,lunge,cartwheel,cartwheel,incorrect,camera_far,konzerthaus,indian
lunge_21_modified_south_east_asian.mp4,lunge,cartwheel,cartwheel,incorrect,camera_far,konzerthaus,south_east_asian
lunge_21_modified_white.mp4,lunge,yoga,yoga,incorrect,camera_far,konzerthaus,white
lunge_22_initial.mp4,lunge,yoga,yoga,incorrect,camera_far,konzerthaus,african
lunge_22_modified_asian.mp4,lunge,yoga,yoga,incorrect,camera_far,konzerthaus,asian
lunge_22_modified_hispanic.mp4,lunge,yoga,yoga,incorrect,camera_far,konzerthaus,hispanic
lunge_22_modified_indian.mp4,lunge,yoga,yoga,incorrect,camera_far,konzerthaus,indian
lunge_22_modified_middle_eastern.mp4,lunge,yoga,yoga,incorrect,camera_far,konzerthaus,middle_eastern
lunge_22_modified_south_east_asian.mp4,lunge,yoga,yoga,incorrect,camera_far,konzerthaus,south_east_asian
lunge_22_modified_white.mp4,lunge,yoga,yoga,incorrect,camera_far,konzerthaus,white
lunge_23_initial.mp4,lunge,yoga,yoga,incorrect,camera_far,konzerthaus,asian
lunge_23_modified_african.mp4,lunge,yoga,yoga,incorrect,camera_far,konzerthaus,african
lunge_23_modified_hispanic.mp4,lunge,other,other,incorrect,camera_far,konzerthaus,hispanic
lunge_23_modified_indian.mp4,lunge,other,other,incorrect,camera_far,konzerthaus,indian
lunge_23_modified_middle_eastern.mp4,lunge,yoga,yoga,incorrect,camera_far,konzerthaus,middle_eastern
lunge_23_modified_south_east_asian.mp4,lunge,yoga,yoga,incorrect,camera_far,konzerthaus,south_east_asian
lunge_23_modified_white.mp4,lunge,other,other,incorrect,camera_far,konzerthaus,white
lunge_24_initial.mp4,lunge,yoga,yoga,incorrect,camera_far,konzerthaus,white
lunge_24_modified_african.mp4,lunge,yoga,yoga,incorrect,camera_far,konzerthaus,african
lunge_24_modified_asian.mp4,lunge,yoga,yoga,incorrect,camera_far,konzerthaus,asian
lunge_24_modified_hispanic.mp4,lunge,yoga,yoga,incorrect,camera_far,konzerthaus,hispanic
lunge_24_modified_indian.mp4,lunge,yoga,yoga,incorrect,camera_far,konzerthaus,indian
lunge_24_modified_middle_eastern.mp4,lunge,yoga,yoga,incorrect,camera_far,konzerthaus,middle_eastern
lunge_24_modified_south_east_asian.mp4,lunge,yoga,yoga,incorrect,camera_far,konzerthaus,south_east_asian
lunge_2_initial.mp4,lunge,yoga,yoga,incorrect,camera_far,konzerthaus,south_east_asian
lunge_2_modified_african.mp4,lunge,squat,squat,incorrect,camera_far,konzerthaus,african
lunge_2_modified_asian.mp4,lunge,yoga,yoga,incorrect,camera_far,konzerthaus,asian
lunge_2_modified_hispanic.mp4,lunge,yoga,yoga,incorrect,camera_far,konzerthaus,hispanic
lunge_2_modified_indian.mp4,lunge,yoga,yoga,incorrect,camera_far,konzerthaus,indian
lunge_2_modified_middle_eastern.mp4,lunge,yoga,yoga,incorrect,camera_far,konzerthaus,middle_eastern
lunge_2_modified_white.mp4,lunge,yoga,yoga,incorrect,camera_far,konzerthaus,white
lunge_3_initial.mp4,lunge,yoga,yoga,incorrect,camera_far,konzerthaus,white
lunge_3_modified_african.mp4,lunge,cartwheel,cartwheel,incorrect,camera_far,konzerthaus,african
lunge_3_modified_asian.mp4,lunge,yoga,yoga,incorrect,camera_far,konzerthaus,asian
lunge_3_modified_hispanic.mp4,lunge,cartwheel,cartwheel,incorrect,camera_far,konzerthaus,hispanic
lunge_3_modified_indian.mp4,lunge,cartwheel,cartwheel,incorrect,camera_far,konzerthaus,indian
lunge_3_modified_middle_eastern.mp4,lunge,yoga,yoga,incorrect,camera_far,konzerthaus,middle_eastern
lunge_3_modified_south_east_asian.mp4,lunge,cartwheel,cartwheel,incorrect,camera_far,konzerthaus,south_east_asian
lunge_4_initial.mp4,lunge,yoga,yoga,incorrect,camera_far,konzerthaus,white
lunge_4_modified_african.mp4,lunge,cartwheel,cartwheel,incorrect,camera_far,konzerthaus,african
lunge_4_modified_asian.mp4,lunge,cartwheel,cartwheel,incorrect,camera_far,konzerthaus,asian
lunge_4_modified_hispanic.mp4,lunge,cartwheel,cartwheel,incorrect,camera_far,konzerthaus,hispanic
lunge_4_modified_indian.mp4,lunge,cartwheel,cartwheel,incorrect,camera_far,konzerthaus,indian
lunge_4_modified_middle_eastern.mp4,lunge,yoga,yoga,incorrect,camera_far,konzerthaus,middle_eastern
lunge_4_modified_south_east_asian.mp4,lunge,cartwheel,cartwheel,incorrect,camera_far,konzerthaus,south_east_asian
lunge_5_initial.mp4,lunge,cartwheel,cartwheel,incorrect,camera_far,konzerthaus,indian
lunge_5_modified_african.mp4,lunge,cartwheel,cartwheel,incorrect,camera_far,konzerthaus,african
lunge_5_modified_asian.mp4,lunge,cartwheel,cartwheel,incorrect,camera_far,konzerthaus,asian
lunge_5_modified_hispanic.mp4,lunge,cartwheel,cartwheel,incorrect,camera_far,konzerthaus,hispanic
lunge_5_modified_middle_eastern.mp4,lunge,lunge,lunge,correct,camera_far,konzerthaus,middle_eastern
lunge_5_modified_south_east_asian.mp4,lunge,lunge,lunge,correct,camera_far,konzerthaus,south_east_asian
lunge_5_modified_white.mp4,lunge,lunge,lunge,correct,camera_far,konzerthaus,white
lunge_6_initial.mp4,lunge,cartwheel,cartwheel,incorrect,camera_far,konzerthaus,hispanic
lunge_6_modified_african.mp4,lunge,cartwheel,cartwheel,incorrect,camera_far,konzerthaus,african
lunge_6_modified_asian.mp4,lunge,cartwheel,cartwheel,incorrect,camera_far,konzerthaus,asian
lunge_6_modified_indian.mp4,lunge,cartwheel,cartwheel,incorrect,camera_far,konzerthaus,indian
lunge_6_modified_middle_eastern.mp4,lunge,yoga,yoga,incorrect,camera_far,konzerthaus,middle_eastern
lunge_6_modified_south_east_asian.mp4,lunge,cartwheel,cartwheel,incorrect,camera_far,konzerthaus,south_east_asian
lunge_6_modified_white.mp4,lunge,yoga,yoga,incorrect,camera_far,konzerthaus,white
lunge_7_initial.mp4,lunge,yoga,yoga,incorrect,camera_far,konzerthaus,south_east_asian
lunge_7_modified_african.mp4,lunge,cartwheel,cartwheel,incorrect,camera_far,konzerthaus,african
lunge_7_modified_asian.mp4,lunge,yoga,yoga,incorrect,camera_far,konzerthaus,asian
lunge_7_modified_hispanic.mp4,lunge,yoga,yoga,incorrect,camera_far,konzerthaus,hispanic
lunge_7_modified_indian.mp4,lunge,cartwheel,cartwheel,incorrect,camera_far,konzerthaus,indian
lunge_7_modified_middle_eastern.mp4,lunge,yoga,yoga,incorrect,camera_far,konzerthaus,middle_eastern
lunge_7_modified_white.mp4,lunge,yoga,yoga,incorrect,camera_far,konzerthaus,white
lunge_8_initial.mp4,lunge,yoga,yoga,incorrect,camera_far,konzerthaus,white
lunge_8_modified_african.mp4,lunge,other,other,incorrect,camera_far,konzerthaus,african
lunge_8_modified_asian.mp4,lunge,yoga,yoga,incorrect,camera_far,konzerthaus,asian
lunge_8_modified_hispanic.mp4,lunge,yoga,yoga,incorrect,camera_far,konzerthaus,hispanic
lunge_8_modified_indian.mp4,lunge,yoga,yoga,incorrect,camera_far,konzerthaus,indian
lunge_8_modified_middle_eastern.mp4,lunge,yoga,yoga,incorrect,camera_far,konzerthaus,middle_eastern
lunge_8_modified_south_east_asian.mp4,lunge,yoga,yoga,incorrect,camera_far,konzerthaus,south_east_asian
lunge_9_initial.mp4,lunge,yoga,yoga,incorrect,camera_far,konzerthaus,white
lunge_9_modified_african.mp4,lunge,lunge,lunge,correct,camera_far,konzerthaus,african
lunge_9_modified_asian.mp4,lunge,squat,squat,incorrect,camera_far,konzerthaus,asian
lunge_9_modified_hispanic.mp4,lunge,yoga,yoga,incorrect,camera_far,konzerthaus,hispanic
lunge_9_modified_indian.mp4,lunge,squat,squat,incorrect,camera_far,konzerthaus,indian
lunge_9_modified_middle_eastern.mp4,lunge,squat,squat,incorrect,camera_far,konzerthaus,middle_eastern
lunge_9_modified_south_east_asian.mp4,lunge,lunge,lunge,correct,camera_far,konzerthaus,south_east_asian
squat_0_initial.mp4,squat,yoga,yoga,incorrect,camera_far,konzerthaus,white
squat_0_modified_african.mp4,squat,yoga,yoga,incorrect,camera_far,konzerthaus,african
squat_0_modified_asian.mp4,squat,yoga,yoga,incorrect,camera_far,konzerthaus,asian
squat_0_modified_hispanic.mp4,squat,yoga,yoga,incorrect,camera_far,konzerthaus,hispanic
squat_0_modified_indian.mp4,squat,yoga,yoga,incorrect,camera_far,konzerthaus,indian
squat_0_modified_middle_eastern.mp4,squat,yoga,yoga,incorrect,camera_far,konzerthaus,middle_eastern
squat_0_modified_south_east_asian.mp4,squat,yoga,yoga,incorrect,camera_far,konzerthaus,south_east_asian
squat_10_initial.mp4,squat,cartwheel,cartwheel,incorrect,camera_far,konzerthaus,white
squat_10_modified_african.mp4,squat,squat,squat,correct,camera_far,konzerthaus,african
squat_10_modified_asian.mp4,squat,yoga,yoga,incorrect,camera_far,konzerthaus,asian
squat_10_modified_hispanic.mp4,squat,squat,squat,correct,camera_far,konzerthaus,hispanic
squat_10_modified_indian.mp4,squat,squat,squat,correct,camera_far,konzerthaus,indian
squat_10_modified_middle_eastern.mp4,squat,squat,squat,correct,camera_far,konzerthaus,middle_eastern
squat_10_modified_south_east_asian.mp4,squat,squat,squat,correct,camera_far,konzerthaus,south_east_asian
squat_11_initial.mp4,squat,yoga,yoga,incorrect,camera_far,konzerthaus,white
squat_11_modified_african.mp4,squat,cartwheel,cartwheel,incorrect,camera_far,konzerthaus,african
squat_11_modified_asian.mp4,squat,squat,squat,correct,camera_far,konzerthaus,asian
squat_11_modified_hispanic.mp4,squat,squat,squat,correct,camera_far,konzerthaus,hispanic
squat_11_modified_indian.mp4,squat,yoga,yoga,incorrect,camera_far,konzerthaus,indian
squat_11_modified_middle_eastern.mp4,squat,yoga,yoga,incorrect,camera_far,konzerthaus,middle_eastern
squat_11_modified_south_east_asian.mp4,squat,cartwheel,cartwheel,incorrect,camera_far,konzerthaus,south_east_asian
squat_12_initial.mp4,squat,squat,squat,correct,camera_far,konzerthaus,african
squat_12_modified_asian.mp4,squat,squat,squat,correct,camera_far,konzerthaus,asian
squat_12_modified_hispanic.mp4,squat,yoga,yoga,incorrect,camera_far,konzerthaus,hispanic
squat_12_modified_indian.mp4,squat,squat,squat,correct,camera_far,konzerthaus,indian
squat_12_modified_middle_eastern.mp4,squat,yoga,yoga,incorrect,camera_far,konzerthaus,middle_eastern
squat_12_modified_south_east_asian.mp4,squat,squat,squat,correct,camera_far,konzerthaus,south_east_asian
squat_12_modified_white.mp4,squat,squat,squat,correct,camera_far,konzerthaus,white
squat_13_initial.mp4,squat,cartwheel,cartwheel,incorrect,camera_far,konzerthaus,white
squat_13_modified_african.mp4,squat,cartwheel,cartwheel,incorrect,camera_far,konzerthaus,african
squat_13_modified_asian.mp4,squat,cartwheel,cartwheel,incorrect,camera_far,konzerthaus,asian
squat_13_modified_hispanic.mp4,squat,cartwheel,cartwheel,incorrect,camera_far,konzerthaus,hispanic
squat_13_modified_indian.mp4,squat,cartwheel,cartwheel,incorrect,camera_far,konzerthaus,indian
squat_13_modified_middle_eastern.mp4,squat,cartwheel,cartwheel,incorrect,camera_far,konzerthaus,middle_eastern
squat_13_modified_south_east_asian.mp4,squat,cartwheel,cartwheel,incorrect,camera_far,konzerthaus,south_east_asian
squat_14_initial.mp4,squat,yoga,yoga,incorrect,camera_far,konzerthaus,white
squat_14_modified_african.mp4,squat,yoga,yoga,incorrect,camera_far,konzerthaus,african
squat_14_modified_asian.mp4,squat,yoga,yoga,incorrect,camera_far,konzerthaus,asian
squat_14_modified_hispanic.mp4,squat,yoga,yoga,incorrect,camera_far,konzerthaus,hispanic
squat_14_modified_indian.mp4,squat,yoga,yoga,incorrect,camera_far,konzerthaus,indian
squat_14_modified_middle_eastern.mp4,squat,yoga,yoga,incorrect,camera_far,konzerthaus,middle_eastern
squat_14_modified_south_east_asian.mp4,squat,yoga,yoga,incorrect,camera_far,konzerthaus,south_east_asian
squat_15_initial.mp4,squat,yoga,yoga,incorrect,camera_far,konzerthaus,white
squat_15_modified_african.mp4,squat,yoga,yoga,incorrect,camera_far,konzerthaus,african
squat_15_modified_asian.mp4,squat,yoga,yoga,incorrect,camera_far,konzerthaus,asian
squat_15_modified_hispanic.mp4,squat,yoga,yoga,incorrect,camera_far,konzerthaus,hispanic
squat_15_modified_indian.mp4,squat,yoga,yoga,incorrect,camera_far,konzerthaus,indian
squat_15_modified_middle_eastern.mp4,squat,yoga,yoga,incorrect,camera_far,konzerthaus,middle_eastern
squat_15_modified_south_east_asian.mp4,squat,yoga,yoga,incorrect,camera_far,konzerthaus,south_east_asian
squat_16_initial.mp4,squat,squat,squat,correct,camera_far,konzerthaus,african
squat_16_modified_asian.mp4,squat,cartwheel,cartwheel,incorrect,camera_far,konzerthaus,asian
squat_16_modified_hispanic.mp4,squat,squat,squat,correct,camera_far,konzerthaus,hispanic
squat_16_modified_indian.mp4,squat,squat,squat,correct,camera_far,konzerthaus,indian
squat_16_modified_middle_eastern.mp4,squat,cartwheel,cartwheel,incorrect,camera_far,konzerthaus,middle_eastern
squat_16_modified_south_east_asian.mp4,squat,squat,squat,correct,camera_far,konzerthaus,south_east_asian
squat_16_modified_white.mp4,squat,squat,squat,correct,camera_far,konzerthaus,white
squat_17_initial.mp4,squat,yoga,yoga,incorrect,camera_far,konzerthaus,white
squat_17_modified_african.mp4,squat,cartwheel,cartwheel,incorrect,camera_far,konzerthaus,african
squat_17_modified_asian.mp4,squat,yoga,yoga,incorrect,camera_far,konzerthaus,asian
squat_17_modified_hispanic.mp4,squat,yoga,yoga,incorrect,camera_far,konzerthaus,hispanic
squat_17_modified_indian.mp4,squat,yoga,yoga,incorrect,camera_far,konzerthaus,indian
squat_17_modified_middle_eastern.mp4,squat,yoga,yoga,incorrect,camera_far,konzerthaus,middle_eastern
squat_17_modified_south_east_asian.mp4,squat,yoga,yoga,incorrect,camera_far,konzerthaus,south_east_asian
squat_18_initial.mp4,squat,yoga,yoga,incorrect,camera_far,konzerthaus,asian
squat_18_modified_african.mp4,squat,cartwheel,cartwheel,incorrect,camera_far,konzerthaus,african
squat_18_modified_hispanic.mp4,squat,yoga,yoga,incorrect,camera_far,konzerthaus,hispanic
squat_18_modified_indian.mp4,squat,yoga,yoga,incorrect,camera_far,konzerthaus,indian
squat_18_modified_middle_eastern.mp4,squat,yoga,yoga,incorrect,camera_far,konzerthaus,middle_eastern
squat_18_modified_south_east_asian.mp4,squat,yoga,yoga,incorrect,camera_far,konzerthaus,south_east_asian
squat_18_modified_white.mp4,squat,yoga,yoga,incorrect,camera_far,konzerthaus,white
squat_19_initial.mp4,squat,squat,squat,correct,camera_far,konzerthaus,white
squat_19_modified_african.mp4,squat,squat,squat,correct,camera_far,konzerthaus,african
squat_19_modified_asian.mp4,squat,squat,squat,correct,camera_far,konzerthaus,asian
squat_19_modified_hispanic.mp4,squat,squat,squat,correct,camera_far,konzerthaus,hispanic
squat_19_modified_indian.mp4,squat,squat,squat,correct,camera_far,konzerthaus,indian
squat_19_modified_middle_eastern.mp4,squat,squat,squat,correct,camera_far,konzerthaus,middle_eastern
squat_19_modified_south_east_asian.mp4,squat,squat,squat,correct,camera_far,konzerthaus,south_east_asian
squat_1_initial.mp4,squat,yoga,yoga,incorrect,camera_far,konzerthaus,white
squat_1_modified_african.mp4,squat,yoga,yoga,incorrect,camera_far,konzerthaus,african
squat_1_modified_asian.mp4,squat,yoga,yoga,incorrect,camera_far,konzerthaus,asian
squat_1_modified_hispanic.mp4,squat,yoga,yoga,incorrect,camera_far,konzerthaus,hispanic
squat_1_modified_indian.mp4,squat,yoga,yoga,incorrect,camera_far,konzerthaus,indian
squat_1_modified_middle_eastern.mp4,squat,yoga,yoga,incorrect,camera_far,konzerthaus,middle_eastern
squat_1_modified_south_east_asian.mp4,squat,yoga,yoga,incorrect,camera_far,konzerthaus,south_east_asian
squat_20_initial.mp4,squat,cartwheel,cartwheel,incorrect,camera_far,konzerthaus,indian
squat_20_modified_african.mp4,squat,cartwheel,cartwheel,incorrect,camera_far,konzerthaus,african
squat_20_modified_asian.mp4,squat,yoga,yoga,incorrect,camera_far,konzerthaus,asian
squat_20_modified_hispanic.mp4,squat,cartwheel,cartwheel,incorrect,camera_far,konzerthaus,hispanic
squat_20_modified_middle_eastern.mp4,squat,cartwheel,cartwheel,incorrect,camera_far,konzerthaus,middle_eastern
squat_20_modified_south_east_asian.mp4,squat,yoga,yoga,incorrect,camera_far,konzerthaus,south_east_asian
squat_20_modified_white.mp4,squat,yoga,yoga,incorrect,camera_far,konzerthaus,white
squat_21_initial.mp4,squat,yoga,yoga,incorrect,camera_far,konzerthaus,middle_eastern
squat_21_modified_african.mp4,squat,yoga,yoga,incorrect,camera_far,konzerthaus,african
squat_21_modified_asian.mp4,squat,yoga,yoga,incorrect,camera_far,konzerthaus,asian
squat_21_modified_hispanic.mp4,squat,yoga,yoga,incorrect,camera_far,konzerthaus,hispanic
squat_21_modified_indian.mp4,squat,yoga,yoga,incorrect,camera_far,konzerthaus,indian
squat_21_modified_south_east_asian.mp4,squat,squat,squat,correct,camera_far,konzerthaus,south_east_asian
squat_21_modified_white.mp4,squat,yoga,yoga,incorrect,camera_far,konzerthaus,white
squat_22_initial.mp4,squat,cartwheel,cartwheel,incorrect,camera_far,konzerthaus,african
squat_22_modified_asian.mp4,squat,yoga,yoga,incorrect,camera_far,konzerthaus,asian
squat_22_modified_hispanic.mp4,squat,yoga,yoga,incorrect,camera_far,konzerthaus,hispanic
squat_22_modified_indian.mp4,squat,yoga,yoga,incorrect,camera_far,konzerthaus,indian
squat_22_modified_middle_eastern.mp4,squat,yoga,yoga,incorrect,camera_far,konzerthaus,middle_eastern
squat_22_modified_south_east_asian.mp4,squat,yoga,yoga,incorrect,camera_far,konzerthaus,south_east_asian
squat_22_modified_white.mp4,squat,yoga,yoga,incorrect,camera_far,konzerthaus,white
squat_23_initial.mp4,squat,squat,squat,correct,camera_far,konzerthaus,asian
squat_23_modified_african.mp4,squat,squat,squat,correct,camera_far,konzerthaus,african
squat_23_modified_hispanic.mp4,squat,yoga,yoga,incorrect,camera_far,konzerthaus,hispanic
squat_23_modified_indian.mp4,squat,yoga,yoga,incorrect,camera_far,konzerthaus,indian
squat_23_modified_middle_eastern.mp4,squat,squat,squat,correct,camera_far,konzerthaus,middle_eastern
squat_23_modified_south_east_asian.mp4,squat,yoga,yoga,incorrect,camera_far,konzerthaus,south_east_asian
squat_23_modified_white.mp4,squat,yoga,yoga,incorrect,camera_far,konzerthaus,white
squat_24_initial.mp4,squat,squat,squat,correct,camera_far,konzerthaus,white
squat_24_modified_african.mp4,squat,squat,squat,correct,camera_far,konzerthaus,african
squat_24_modified_asian.mp4,squat,squat,squat,correct,camera_far,konzerthaus,asian
squat_24_modified_hispanic.mp4,squat,squat,squat,correct,camera_far,konzerthaus,hispanic
squat_24_modified_indian.mp4,squat,squat,squat,correct,camera_far,konzerthaus,indian
squat_24_modified_middle_eastern.mp4,squat,squat,squat,correct,camera_far,konzerthaus,middle_eastern
squat_24_modified_south_east_asian.mp4,squat,squat,squat,correct,camera_far,konzerthaus,south_east_asian
squat_2_initial.mp4,squat,squat,squat,correct,camera_far,konzerthaus,south_east_asian
squat_2_modified_african.mp4,squat,cartwheel,cartwheel,incorrect,camera_far,konzerthaus,african
squat_2_modified_asian.mp4,squat,squat,squat,correct,camera_far,konzerthaus,asian
squat_2_modified_hispanic.mp4,squat,yoga,yoga,incorrect,camera_far,konzerthaus,hispanic
squat_2_modified_indian.mp4,squat,squat,squat,correct,camera_far,konzerthaus,indian
squat_2_modified_middle_eastern.mp4,squat,yoga,yoga,incorrect,camera_far,konzerthaus,middle_eastern
squat_2_modified_white.mp4,squat,squat,squat,correct,camera_far,konzerthaus,white
squat_3_initial.mp4,squat,yoga,yoga,incorrect,camera_far,konzerthaus,white
squat_3_modified_african.mp4,squat,yoga,yoga,incorrect,camera_far,konzerthaus,african
squat_3_modified_asian.mp4,squat,yoga,yoga,incorrect,camera_far,konzerthaus,asian
squat_3_modified_hispanic.mp4,squat,yoga,yoga,incorrect,camera_far,konzerthaus,hispanic
squat_3_modified_indian.mp4,squat,yoga,yoga,incorrect,camera_far,konzerthaus,indian
squat_3_modified_middle_eastern.mp4,squat,yoga,yoga,incorrect,camera_far,konzerthaus,middle_eastern
squat_3_modified_south_east_asian.mp4,squat,yoga,yoga,incorrect,camera_far,konzerthaus,south_east_asian
squat_4_initial.mp4,squat,yoga,yoga,incorrect,camera_far,konzerthaus,white
squat_4_modified_african.mp4,squat,yoga,yoga,incorrect,camera_far,konzerthaus,african
squat_4_modified_asian.mp4,squat,yoga,yoga,incorrect,camera_far,konzerthaus,asian
squat_4_modified_hispanic.mp4,squat,yoga,yoga,incorrect,camera_far,konzerthaus,hispanic
squat_4_modified_indian.mp4,squat,yoga,yoga,incorrect,camera_far,konzerthaus,indian
squat_4_modified_middle_eastern.mp4,squat,yoga,yoga,incorrect,camera_far,konzerthaus,middle_eastern
squat_4_modified_south_east_asian.mp4,squat,yoga,yoga,incorrect,camera_far,konzerthaus,south_east_asian
squat_5_initial.mp4,squat,squat,squat,correct,camera_far,konzerthaus,indian
squat_5_modified_african.mp4,squat,cartwheel,cartwheel,incorrect,camera_far,konzerthaus,african
squat_5_modified_asian.mp4,squat,squat,squat,correct,camera_far,konzerthaus,asian
squat_5_modified_hispanic.mp4,squat,squat,squat,correct,camera_far,konzerthaus,hispanic
squat_5_modified_middle_eastern.mp4,squat,squat,squat,correct,camera_far,konzerthaus,middle_eastern
squat_5_modified_south_east_asian.mp4,squat,squat,squat,correct,camera_far,konzerthaus,south_east_asian
squat_5_modified_white.mp4,squat,squat,squat,correct,camera_far,konzerthaus,white
squat_6_initial.mp4,squat,yoga,yoga,incorrect,camera_far,konzerthaus,hispanic
squat_6_modified_african.mp4,squat,yoga,yoga,incorrect,camera_far,konzerthaus,african
squat_6_modified_asian.mp4,squat,yoga,yoga,incorrect,camera_far,konzerthaus,asian
squat_6_modified_indian.mp4,squat,squat,squat,correct,camera_far,konzerthaus,indian
squat_6_modified_middle_eastern.mp4,squat,yoga,yoga,incorrect,camera_far,konzerthaus,middle_eastern
squat_6_modified_south_east_asian.mp4,squat,squat,squat,correct,camera_far,konzerthaus,south_east_asian
squat_6_modified_white.mp4,squat,yoga,yoga,incorrect,camera_far,konzerthaus,white
squat_7_initial.mp4,squat,lunge,lunge,incorrect,camera_far,konzerthaus,south_east_asian
squat_7_modified_african.mp4,squat,cartwheel,cartwheel,incorrect,camera_far,konzerthaus,african
squat_7_modified_asian.mp4,squat,yoga,yoga,incorrect,camera_far,konzerthaus,asian
squat_7_modified_hispanic.mp4,squat,cartwheel,cartwheel,incorrect,camera_far,konzerthaus,hispanic
squat_7_modified_indian.mp4,squat,cartwheel,cartwheel,incorrect,camera_far,konzerthaus,indian
squat_7_modified_middle_eastern.mp4,squat,cartwheel,cartwheel,incorrect,camera_far,konzerthaus,middle_eastern
squat_7_modified_white.mp4,squat,cartwheel,cartwheel,incorrect,camera_far,konzerthaus,white
squat_8_initial.mp4,squat,squat,squat,correct,camera_far,konzerthaus,white
squat_8_modified_african.mp4,squat,squat,squat,correct,camera_far,konzerthaus,african
squat_8_modified_asian.mp4,squat,yoga,yoga,incorrect,camera_far,konzerthaus,asian
squat_8_modified_hispanic.mp4,squat,squat,squat,correct,camera_far,konzerthaus,hispanic
squat_8_modified_indian.mp4,squat,squat,squat,correct,camera_far,konzerthaus,indian
squat_8_modified_middle_eastern.mp4,squat,squat,squat,correct,camera_far,konzerthaus,middle_eastern
squat_8_modified_south_east_asian.mp4,squat,squat,squat,correct,camera_far,konzerthaus,south_east_asian
squat_9_initial.mp4,squat,cartwheel,cartwheel,incorrect,camera_far,konzerthaus,white
squat_9_modified_african.mp4,squat,cartwheel,cartwheel,incorrect,camera_far,konzerthaus,african
squat_9_modified_asian.mp4,squat,cartwheel,cartwheel,incorrect,camera_far,konzerthaus,asian
squat_9_modified_hispanic.mp4,squat,cartwheel,cartwheel,incorrect,camera_far,konzerthaus,hispanic
squat_9_modified_indian.mp4,squat,cartwheel,cartwheel,incorrect,camera_far,konzerthaus,indian
squat_9_modified_middle_eastern.mp4,squat,cartwheel,cartwheel,incorrect,camera_far,konzerthaus,middle_eastern
squat_9_modified_south_east_asian.mp4,squat,cartwheel,cartwheel,incorrect,camera_far,konzerthaus,south_east_asian
yoga_0_initial.mp4,yoga,yoga,yoga,correct,camera_far,konzerthaus,white
yoga_0_modified_african.mp4,yoga,yoga,yoga,correct,camera_far,konzerthaus,african
yoga_0_modified_asian.mp4,yoga,yoga,yoga,correct,camera_far,konzerthaus,asian
yoga_0_modified_hispanic.mp4,yoga,yoga,yoga,correct,camera_far,konzerthaus,hispanic
yoga_0_modified_indian.mp4,yoga,yoga,yoga,correct,camera_far,konzerthaus,indian
yoga_0_modified_middle_eastern.mp4,yoga,yoga,yoga,correct,camera_far,konzerthaus,middle_eastern
yoga_0_modified_south_east_asian.mp4,yoga,yoga,yoga,correct,camera_far,konzerthaus,south_east_asian
yoga_10_initial.mp4,yoga,yoga,yoga,correct,camera_far,konzerthaus,white
yoga_10_modified_african.mp4,yoga,yoga,yoga,correct,camera_far,konzerthaus,african
yoga_10_modified_asian.mp4,yoga,yoga,yoga,correct,camera_far,konzerthaus,asian
yoga_10_modified_hispanic.mp4,yoga,yoga,yoga,correct,camera_far,konzerthaus,hispanic
yoga_10_modified_indian.mp4,yoga,yoga,yoga,correct,camera_far,konzerthaus,indian
yoga_10_modified_middle_eastern.mp4,yoga,yoga,yoga,correct,camera_far,konzerthaus,middle_eastern
yoga_10_modified_south_east_asian.mp4,yoga,yoga,yoga,correct,camera_far,konzerthaus,south_east_asian
yoga_11_initial.mp4,yoga,yoga,yoga,correct,camera_far,konzerthaus,white
yoga_11_modified_african.mp4,yoga,cartwheel,cartwheel,incorrect,camera_far,konzerthaus,african
yoga_11_modified_asian.mp4,yoga,yoga,yoga,correct,camera_far,konzerthaus,asian
yoga_11_modified_hispanic.mp4,yoga,cartwheel,cartwheel,incorrect,camera_far,konzerthaus,hispanic
yoga_11_modified_indian.mp4,yoga,cartwheel,cartwheel,incorrect,camera_far,konzerthaus,indian
yoga_11_modified_middle_eastern.mp4,yoga,cartwheel,cartwheel,incorrect,camera_far,konzerthaus,middle_eastern
yoga_11_modified_south_east_asian.mp4,yoga,cartwheel,cartwheel,incorrect,camera_far,konzerthaus,south_east_asian
yoga_12_initial.mp4,yoga,yoga,yoga,correct,camera_far,konzerthaus,african
yoga_12_modified_asian.mp4,yoga,yoga,yoga,correct,camera_far,konzerthaus,asian
yoga_12_modified_hispanic.mp4,yoga,yoga,yoga,correct,camera_far,konzerthaus,hispanic
yoga_12_modified_indian.mp4,yoga,yoga,yoga,correct,camera_far,konzerthaus,indian
yoga_12_modified_middle_eastern.mp4,yoga,yoga,yoga,correct,camera_far,konzerthaus,middle_eastern
yoga_12_modified_south_east_asian.mp4,yoga,yoga,yoga,correct,camera_far,konzerthaus,south_east_asian
yoga_12_modified_white.mp4,yoga,yoga,yoga,correct,camera_far,konzerthaus,white
yoga_13_initial.mp4,yoga,cartwheel,cartwheel,incorrect,camera_far,konzerthaus,white
yoga_13_modified_african.mp4,yoga,cartwheel,cartwheel,incorrect,camera_far,konzerthaus,african
yoga_13_modified_asian.mp4,yoga,cartwheel,cartwheel,incorrect,camera_far,konzerthaus,asian
yoga_13_modified_hispanic.mp4,yoga,cartwheel,cartwheel,incorrect,camera_far,konzerthaus,hispanic
yoga_13_modified_indian.mp4,yoga,cartwheel,cartwheel,incorrect,camera_far,konzerthaus,indian
yoga_13_modified_middle_eastern.mp4,yoga,cartwheel,cartwheel,incorrect,camera_far,konzerthaus,middle_eastern
yoga_13_modified_south_east_asian.mp4,yoga,cartwheel,cartwheel,incorrect,camera_far,konzerthaus,south_east_asian
yoga_14_initial.mp4,yoga,yoga,yoga,correct,camera_far,konzerthaus,white
yoga_14_modified_african.mp4,yoga,yoga,yoga,correct,camera_far,konzerthaus,african
yoga_14_modified_asian.mp4,yoga,yoga,yoga,correct,camera_far,konzerthaus,asian
yoga_14_modified_hispanic.mp4,yoga,squat,squat,incorrect,camera_far,konzerthaus,hispanic
yoga_14_modified_indian.mp4,yoga,squat,squat,incorrect,camera_far,konzerthaus,indian
yoga_14_modified_middle_eastern.mp4,yoga,squat,squat,incorrect,camera_far,konzerthaus,middle_eastern
yoga_14_modified_south_east_asian.mp4,yoga,yoga,yoga,correct,camera_far,konzerthaus,south_east_asian
yoga_15_initial.mp4,yoga,yoga,yoga,correct,camera_far,konzerthaus,white
yoga_15_modified_african.mp4,yoga,yoga,yoga,correct,camera_far,konzerthaus,african
yoga_15_modified_asian.mp4,yoga,yoga,yoga,correct,camera_far,konzerthaus,asian
yoga_15_modified_hispanic.mp4,yoga,yoga,yoga,correct,camera_far,konzerthaus,hispanic
yoga_15_modified_indian.mp4,yoga,yoga,yoga,correct,camera_far,konzerthaus,indian
yoga_15_modified_middle_eastern.mp4,yoga,yoga,yoga,correct,camera_far,konzerthaus,middle_eastern
yoga_15_modified_south_east_asian.mp4,yoga,yoga,yoga,correct,camera_far,konzerthaus,south_east_asian
yoga_16_initial.mp4,yoga,yoga,yoga,correct,camera_far,konzerthaus,african
yoga_16_modified_asian.mp4,yoga,yoga,yoga,correct,camera_far,konzerthaus,asian
yoga_16_modified_hispanic.mp4,yoga,yoga,yoga,correct,camera_far,konzerthaus,hispanic
yoga_16_modified_indian.mp4,yoga,yoga,yoga,correct,camera_far,konzerthaus,indian
yoga_16_modified_middle_eastern.mp4,yoga,yoga,yoga,correct,camera_far,konzerthaus,middle_eastern
yoga_16_modified_south_east_asian.mp4,yoga,yoga,yoga,correct,camera_far,konzerthaus,south_east_asian
yoga_16_modified_white.mp4,yoga,yoga,yoga,correct,camera_far,konzerthaus,white
yoga_17_initial.mp4,yoga,other,other,incorrect,camera_far,konzerthaus,white
yoga_17_modified_african.mp4,yoga,cartwheel,cartwheel,incorrect,camera_far,konzerthaus,african
yoga_17_modified_asian.mp4,yoga,cartwheel,cartwheel,incorrect,camera_far,konzerthaus,asian
yoga_17_modified_hispanic.mp4,yoga,cartwheel,cartwheel,incorrect,camera_far,konzerthaus,hispanic
yoga_17_modified_indian.mp4,yoga,cartwheel,cartwheel,incorrect,camera_far,konzerthaus,indian
yoga_17_modified_middle_eastern.mp4,yoga,yoga,yoga,correct,camera_far,konzerthaus,middle_eastern
yoga_17_modified_south_east_asian.mp4,yoga,other,other,incorrect,camera_far,konzerthaus,south_east_asian
yoga_18_initial.mp4,yoga,yoga,yoga,correct,camera_far,konzerthaus,asian
yoga_18_modified_african.mp4,yoga,other,other,incorrect,camera_far,konzerthaus,african
yoga_18_modified_hispanic.mp4,yoga,yoga,yoga,correct,camera_far,konzerthaus,hispanic
yoga_18_modified_indian.mp4,yoga,other,other,incorrect,camera_far,konzerthaus,indian
yoga_18_modified_middle_eastern.mp4,yoga,yoga,yoga,correct,camera_far,konzerthaus,middle_eastern
yoga_18_modified_south_east_asian.mp4,yoga,yoga,yoga,correct,camera_far,konzerthaus,south_east_asian
yoga_18_modified_white.mp4,yoga,yoga,yoga,correct,camera_far,konzerthaus,white
yoga_19_initial.mp4,yoga,yoga,yoga,correct,camera_far,konzerthaus,white
yoga_19_modified_african.mp4,yoga,cartwheel,cartwheel,incorrect,camera_far,konzerthaus,african
yoga_19_modified_asian.mp4,yoga,cartwheel,cartwheel,incorrect,camera_far,konzerthaus,asian
yoga_19_modified_hispanic.mp4,yoga,yoga,yoga,correct,camera_far,konzerthaus,hispanic
yoga_19_modified_indian.mp4,yoga,cartwheel,cartwheel,incorrect,camera_far,konzerthaus,indian
yoga_19_modified_middle_eastern.mp4,yoga,yoga,yoga,correct,camera_far,konzerthaus,middle_eastern
yoga_19_modified_south_east_asian.mp4,yoga,yoga,yoga,correct,camera_far,konzerthaus,south_east_asian
yoga_1_initial.mp4,yoga,lunge,lunge,incorrect,camera_far,konzerthaus,white
yoga_1_modified_african.mp4,yoga,cartwheel,cartwheel,incorrect,camera_far,konzerthaus,african
yoga_1_modified_asian.mp4,yoga,lunge,lunge,incorrect,camera_far,konzerthaus,asian
yoga_1_modified_hispanic.mp4,yoga,cartwheel,cartwheel,incorrect,camera_far,konzerthaus,hispanic
yoga_1_modified_indian.mp4,yoga,cartwheel,cartwheel,incorrect,camera_far,konzerthaus,indian
yoga_1_modified_middle_eastern.mp4,yoga,lunge,lunge,incorrect,camera_far,konzerthaus,middle_eastern
yoga_1_modified_south_east_asian.mp4,yoga,cartwheel,cartwheel,incorrect,camera_far,konzerthaus,south_east_asian
yoga_20_initial.mp4,yoga,yoga,yoga,correct,camera_far,konzerthaus,indian
yoga_20_modified_african.mp4,yoga,yoga,yoga,correct,camera_far,konzerthaus,african
yoga_20_modified_asian.mp4,yoga,yoga,yoga,correct,camera_far,konzerthaus,asian
yoga_20_modified_hispanic.mp4,yoga,yoga,yoga,correct,camera_far,konzerthaus,hispanic
yoga_20_modified_middle_eastern.mp4,yoga,yoga,yoga,correct,camera_far,konzerthaus,middle_eastern
yoga_20_modified_south_east_asian.mp4,yoga,yoga,yoga,correct,camera_far,konzerthaus,south_east_asian
yoga_20_modified_white.mp4,yoga,yoga,yoga,correct,camera_far,konzerthaus,white
yoga_21_initial.mp4,yoga,other,other,incorrect,camera_far,konzerthaus,middle_eastern
yoga_21_modified_african.mp4,yoga,cartwheel,cartwheel,incorrect,camera_far,konzerthaus,african
yoga_21_modified_asian.mp4,yoga,yoga,yoga,correct,camera_far,konzerthaus,asian
yoga_21_modified_hispanic.mp4,yoga,cartwheel,cartwheel,incorrect,camera_far,konzerthaus,hispanic
yoga_21_modified_indian.mp4,yoga,lunge,lunge,incorrect,camera_far,konzerthaus,indian
yoga_21_modified_south_east_asian.mp4,yoga,other,other,incorrect,camera_far,konzerthaus,south_east_asian
yoga_21_modified_white.mp4,yoga,yoga,yoga,correct,camera_far,konzerthaus,white
yoga_22_initial.mp4,yoga,cartwheel,cartwheel,incorrect,camera_far,konzerthaus,african
yoga_22_modified_asian.mp4,yoga,yoga,yoga,correct,camera_far,konzerthaus,asian
yoga_22_modified_hispanic.mp4,yoga,other,other,incorrect,camera_far,konzerthaus,hispanic
yoga_22_modified_indian.mp4,yoga,other,other,incorrect,camera_far,konzerthaus,indian
yoga_22_modified_middle_eastern.mp4,yoga,yoga,yoga,correct,camera_far,konzerthaus,middle_eastern
yoga_22_modified_south_east_asian.mp4,yoga,yoga,yoga,correct,camera_far,konzerthaus,south_east_asian
yoga_22_modified_white.mp4,yoga,yoga,yoga,correct,camera_far,konzerthaus,white
yoga_23_initial.mp4,yoga,other,other,incorrect,camera_far,konzerthaus,asian
yoga_23_modified_african.mp4,yoga,other,other,incorrect,camera_far,konzerthaus,african
yoga_23_modified_hispanic.mp4,yoga,cartwheel,cartwheel,incorrect,camera_far,konzerthaus,hispanic
yoga_23_modified_indian.mp4,yoga,other,other,incorrect,camera_far,konzerthaus,indian
yoga_23_modified_middle_eastern.mp4,yoga,cartwheel,cartwheel,incorrect,camera_far,konzerthaus,middle_eastern
yoga_23_modified_south_east_asian.mp4,yoga,other,other,incorrect,camera_far,konzerthaus,south_east_asian
yoga_23_modified_white.mp4,yoga,cartwheel,cartwheel,incorrect,camera_far,konzerthaus,white
yoga_24_initial.mp4,yoga,other,other,incorrect,camera_far,konzerthaus,white
yoga_24_modified_african.mp4,yoga,cartwheel,cartwheel,incorrect,camera_far,konzerthaus,african
yoga_24_modified_asian.mp4,yoga,cartwheel,cartwheel,incorrect,camera_far,konzerthaus,asian
yoga_24_modified_hispanic.mp4,yoga,cartwheel,cartwheel,incorrect,camera_far,konzerthaus,hispanic
yoga_24_modified_indian.mp4,yoga,cartwheel,cartwheel,incorrect,camera_far,konzerthaus,indian
yoga_24_modified_middle_eastern.mp4,yoga,cartwheel,cartwheel,incorrect,camera_far,konzerthaus,middle_eastern
yoga_24_modified_south_east_asian.mp4,yoga,cartwheel,cartwheel,incorrect,camera_far,konzerthaus,south_east_asian
yoga_2_initial.mp4,yoga,yoga,yoga,correct,camera_far,konzerthaus,south_east_asian
yoga_2_modified_african.mp4,yoga,yoga,yoga,correct,camera_far,konzerthaus,african
yoga_2_modified_asian.mp4,yoga,yoga,yoga,correct,camera_far,konzerthaus,asian
yoga_2_modified_hispanic.mp4,yoga,yoga,yoga,correct,camera_far,konzerthaus,hispanic
yoga_2_modified_indian.mp4,yoga,yoga,yoga,correct,camera_far,konzerthaus,indian
yoga_2_modified_middle_eastern.mp4,yoga,yoga,yoga,correct,camera_far,konzerthaus,middle_eastern
yoga_2_modified_white.mp4,yoga,yoga,yoga,correct,camera_far,konzerthaus,white
yoga_3_initial.mp4,yoga,yoga,yoga,correct,camera_far,konzerthaus,white
yoga_3_modified_african.mp4,yoga,lunge,lunge,incorrect,camera_far,konzerthaus,african
yoga_3_modified_asian.mp4,yoga,yoga,yoga,correct,camera_far,konzerthaus,asian
yoga_3_modified_hispanic.mp4,yoga,cartwheel,cartwheel,incorrect,camera_far,konzerthaus,hispanic
yoga_3_modified_indian.mp4,yoga,yoga,yoga,correct,camera_far,konzerthaus,indian
yoga_3_modified_middle_eastern.mp4,yoga,yoga,yoga,correct,camera_far,konzerthaus,middle_eastern
yoga_3_modified_south_east_asian.mp4,yoga,cartwheel,cartwheel,incorrect,camera_far,konzerthaus,south_east_asian
yoga_4_initial.mp4,yoga,yoga,yoga,correct,camera_far,konzerthaus,white
yoga_4_modified_african.mp4,yoga,yoga,yoga,correct,camera_far,konzerthaus,african
yoga_4_modified_asian.mp4,yoga,yoga,yoga,correct,camera_far,konzerthaus,asian
yoga_4_modified_hispanic.mp4,yoga,yoga,yoga,correct,camera_far,konzerthaus,hispanic
yoga_4_modified_indian.mp4,yoga,yoga,yoga,correct,camera_far,konzerthaus,indian
yoga_4_modified_middle_eastern.mp4,yoga,yoga,yoga,correct,camera_far,konzerthaus,middle_eastern
yoga_4_modified_south_east_asian.mp4,yoga,yoga,yoga,correct,camera_far,konzerthaus,south_east_asian
yoga_5_initial.mp4,yoga,cartwheel,cartwheel,incorrect,camera_far,konzerthaus,indian
yoga_5_modified_african.mp4,yoga,cartwheel,cartwheel,incorrect,camera_far,konzerthaus,african
yoga_5_modified_asian.mp4,yoga,cartwheel,cartwheel,incorrect,camera_far,konzerthaus,asian
yoga_5_modified_hispanic.mp4,yoga,cartwheel,cartwheel,incorrect,camera_far,konzerthaus,hispanic
yoga_5_modified_middle_eastern.mp4,yoga,cartwheel,cartwheel,incorrect,camera_far,konzerthaus,middle_eastern
yoga_5_modified_south_east_asian.mp4,yoga,squat,squat,incorrect,camera_far,konzerthaus,south_east_asian
yoga_5_modified_white.mp4,yoga,yoga,yoga,correct,camera_far,konzerthaus,white
yoga_6_initial.mp4,yoga,yoga,yoga,correct,camera_far,konzerthaus,hispanic
yoga_6_modified_african.mp4,yoga,yoga,yoga,correct,camera_far,konzerthaus,african
yoga_6_modified_asian.mp4,yoga,yoga,yoga,correct,camera_far,konzerthaus,asian
yoga_6_modified_indian.mp4,yoga,yoga,yoga,correct,camera_far,konzerthaus,indian
yoga_6_modified_middle_eastern.mp4,yoga,yoga,yoga,correct,camera_far,konzerthaus,middle_eastern
yoga_6_modified_south_east_asian.mp4,yoga,yoga,yoga,correct,camera_far,konzerthaus,south_east_asian
yoga_6_modified_white.mp4,yoga,yoga,yoga,correct,camera_far,konzerthaus,white
yoga_7_initial.mp4,yoga,yoga,yoga,correct,camera_far,konzerthaus,south_east_asian
yoga_7_modified_african.mp4,yoga,yoga,yoga,correct,camera_far,konzerthaus,african
yoga_7_modified_asian.mp4,yoga,yoga,yoga,correct,camera_far,konzerthaus,asian
yoga_7_modified_hispanic.mp4,yoga,yoga,yoga,correct,camera_far,konzerthaus,hispanic
yoga_7_modified_indian.mp4,yoga,yoga,yoga,correct,camera_far,konzerthaus,indian
yoga_7_modified_middle_eastern.mp4,yoga,yoga,yoga,correct,camera_far,konzerthaus,middle_eastern
yoga_7_modified_white.mp4,yoga,yoga,yoga,correct,camera_far,konzerthaus,white
yoga_8_initial.mp4,yoga,other,other,incorrect,camera_far,konzerthaus,white
yoga_8_modified_african.mp4,yoga,cartwheel,cartwheel,incorrect,camera_far,konzerthaus,african
yoga_8_modified_asian.mp4,yoga,cartwheel,cartwheel,incorrect,camera_far,konzerthaus,asian
yoga_8_modified_hispanic.mp4,yoga,other,other,incorrect,camera_far,konzerthaus,hispanic
yoga_8_modified_indian.mp4,yoga,cartwheel,cartwheel,incorrect,camera_far,konzerthaus,indian
yoga_8_modified_middle_eastern.mp4,yoga,other,other,incorrect,camera_far,konzerthaus,middle_eastern
yoga_8_modified_south_east_asian.mp4,yoga,other,other,incorrect,camera_far,konzerthaus,south_east_asian
yoga_9_initial.mp4,yoga,lunge,lunge,incorrect,camera_far,konzerthaus,white
yoga_9_modified_african.mp4,yoga,lunge,lunge,incorrect,camera_far,konzerthaus,african
yoga_9_modified_asian.mp4,yoga,lunge,lunge,incorrect,camera_far,konzerthaus,asian
yoga_9_modified_hispanic.mp4,yoga,cartwheel,cartwheel,incorrect,camera_far,konzerthaus,hispanic
yoga_9_modified_indian.mp4,yoga,cartwheel,cartwheel,incorrect,camera_far,konzerthaus,indian
yoga_9_modified_middle_eastern.mp4,yoga,yoga,yoga,correct,camera_far,konzerthaus,middle_eastern
yoga_9_modified_south_east_asian.mp4,yoga,lunge,lunge,incorrect,camera_far,konzerthaus,south_east_asian
