video,ground_truth,raw_prediction,mapped_prediction,result
cartwheel_0_initial.mp4,cartwheel,cartwheel,cartwheel,correct
cartwheel_0_modified_african.mp4,cartwheel,cartwheel,cartwheel,correct
cartwheel_0_modified_asian.mp4,cartwheel,cartwheel,cartwheel,correct
cartwheel_0_modified_hispanic.mp4,cartwheel,cartwheel,cartwheel,correct
cartwheel_0_modified_indian.mp4,cartwheel,cartwheel,cartwheel,correct
cartwheel_0_modified_middle_eastern.mp4,cartwheel,cartwheel,cartwheel,correct
cartwheel_0_modified_south_east_asian.mp4,cartwheel,cartwheel,cartwheel,correct
cartwheel_1_initial.mp4,cartwheel,celebrate,celebrate,incorrect
cartwheel_1_modified_african.mp4,cartwheel,celebrate,celebrate,incorrect
cartwheel_1_modified_asian.mp4,cartwheel,celebrate,celebrate,incorrect
cartwheel_1_modified_hispanic.mp4,cartwheel,celebrate,celebrate,incorrect
cartwheel_1_modified_indian.mp4,cartwheel,celebrate,celebrate,incorrect
cartwheel_1_modified_middle_eastern.mp4,cartwheel,celebrate,celebrate,incorrect
cartwheel_1_modified_south_east_asian.mp4,cartwheel,celebrate,celebrate,incorrect
cartwheel_2_initial.mp4,cartwheel,cartwheel,cartwheel,correct
cartwheel_2_modified_african.mp4,cartwheel,cartwheel,cartwheel,correct
cartwheel_2_modified_asian.mp4,cartwheel,cartwheel,cartwheel,correct
cartwheel_2_modified_hispanic.mp4,cartwheel,cartwheel,cartwheel,correct
cartwheel_2_modified_indian.mp4,cartwheel,cartwheel,cartwheel,correct
cartwheel_2_modified_middle_eastern.mp4,cartwheel,cartwheel,cartwheel,correct
cartwheel_2_modified_white.mp4,cartwheel,cartwheel,cartwheel,correct
cartwheel_3_initial.mp4,cartwheel,celebrate,celebrate,incorrect
cartwheel_3_modified_african.mp4,cartwheel,golf,golf,incorrect
cartwheel_3_modified_asian.mp4,cartwheel,celebrate,celebrate,incorrect
cartwheel_3_modified_hispanic.mp4,cartwheel,celebrate,celebrate,incorrect
cartwheel_3_modified_indian.mp4,cartwheel,celebrate,celebrate,incorrect
cartwheel_3_modified_middle_eastern.mp4,cartwheel,celebrate,celebrate,incorrect
cartwheel_3_modified_south_east_asian.mp4,cartwheel,golf,golf,incorrect
cartwheel_4_initial.mp4,cartwheel,jog,jog,incorrect
cartwheel_4_modified_african.mp4,cartwheel,celebrate,celebrate,incorrect
cartwheel_4_modified_asian.mp4,cartwheel,jog,jog,incorrect
cartwheel_4_modified_hispanic.mp4,cartwheel,jog,jog,incorrect
cartwheel_4_modified_indian.mp4,cartwheel,golf,golf,incorrect
cartwheel_4_modified_south_east_asian.mp4,cartwheel,celebrate,celebrate,incorrect
cartwheel_4_modified_white.mp4,cartwheel,jog,jog,incorrect
cartwheel_5_initial.mp4,cartwheel,celebrate,celebrate,incorrect
cartwheel_5_modified_african.mp4,cartwheel,celebrate,celebrate,incorrect
cartwheel_5_modified_asian.mp4,cartwheel,celebrate,celebrate,incorrect
cartwheel_5_modified_hispanic.mp4,cartwheel,celebrate,celebrate,incorrect
cartwheel_5_modified_middle_eastern.mp4,cartwheel,celebrate,celebrate,incorrect
cartwheel_5_modified_south_east_asian.mp4,cartwheel,celebrate,celebrate,incorrect
cartwheel_5_modified_white.mp4,cartwheel,celebrate,celebrate,incorrect
cartwheel_6_initial.mp4,cartwheel,cartwheel,cartwheel,correct
cartwheel_6_modified_african.mp4,cartwheel,cartwheel,cartwheel,correct
cartwheel_6_modified_asian.mp4,cartwheel,celebrate,celebrate,incorrect
cartwheel_6_modified_indian.mp4,cartwheel,cartwheel,cartwheel,correct
cartwheel_6_modified_middle_eastern.mp4,cartwheel,clap,clap,incorrect
cartwheel_6_modified_south_east_asian.mp4,cartwheel,cartwheel,cartwheel,correct
cartwheel_6_modified_white.mp4,cartwheel,cartwheel,cartwheel,correct
cartwheel_7_initial.mp4,cartwheel,celebrate,celebrate,incorrect
cartwheel_7_modified_african.mp4,cartwheel,celebrate,celebrate,incorrect
cartwheel_7_modified_asian.mp4,cartwheel,celebrate,celebrate,incorrect
cartwheel_7_modified_hispanic.mp4,cartwheel,celebrate,celebrate,incorrect
cartwheel_7_modified_indian.mp4,cartwheel,celebrate,celebrate,incorrect
cartwheel_7_modified_middle_eastern.mp4,cartwheel,celebrate,celebrate,incorrect
cartwheel_7_modified_white.mp4,cartwheel,celebrate,celebrate,incorrect
cartwheel_8_initial.mp4,cartwheel,golf,golf,incorrect
cartwheel_8_modified_african.mp4,cartwheel,celebrate,celebrate,incorrect
cartwheel_8_modified_asian.mp4,cartwheel,celebrate,celebrate,incorrect
cartwheel_8_modified_hispanic.mp4,cartwheel,celebrate,celebrate,incorrect
cartwheel_8_modified_indian.mp4,cartwheel,celebrate,celebrate,incorrect
cartwheel_8_modified_middle_eastern.mp4,cartwheel,celebrate,celebrate,incorrect
cartwheel_8_modified_south_east_asian.mp4,cartwheel,celebrate,celebrate,incorrect
cartwheel_9_initial.mp4,cartwheel,golf,golf,incorrect
cartwheel_9_modified_asian.mp4,cartwheel,golf,golf,incorrect
cartwheel_9_modified_hispanic.mp4,cartwheel,golf,golf,incorrect
cartwheel_9_modified_indian.mp4,cartwheel,golf,golf,incorrect
cartwheel_9_modified_middle_eastern.mp4,cartwheel,golf,golf,incorrect
cartwheel_9_modified_south_east_asian.mp4,cartwheel,golf,golf,incorrect
cartwheel_9_modified_white.mp4,cartwheel,golf,golf,incorrect
celebrate_0_initial.mp4,celebrate,hug,hug,incorrect
celebrate_0_modified_african.mp4,celebrate,celebrate,celebrate,correct
celebrate_0_modified_asian.mp4,celebrate,hug,hug,incorrect
celebrate_0_modified_hispanic.mp4,celebrate,golf,golf,incorrect
celebrate_0_modified_indian.mp4,celebrate,golf,golf,incorrect
celebrate_0_modified_middle_eastern.mp4,celebrate,hug,hug,incorrect
celebrate_0_modified_south_east_asian.mp4,celebrate,golf,golf,incorrect
celebrate_1_initial.mp4,celebrate,cartwheel,cartwheel,incorrect
celebrate_1_modified_african.mp4,celebrate,cartwheel,cartwheel,incorrect
celebrate_1_modified_asian.mp4,celebrate,cartwheel,cartwheel,incorrect
celebrate_1_modified_hispanic.mp4,celebrate,cartwheel,cartwheel,incorrect
celebrate_1_modified_indian.mp4,celebrate,cartwheel,cartwheel,incorrect
celebrate_1_modified_middle_eastern.mp4,celebrate,celebrate,celebrate,correct
celebrate_1_modified_south_east_asian.mp4,celebrate,cartwheel,cartwheel,incorrect
celebrate_2_initial.mp4,celebrate,celebrate,celebrate,correct
celebrate_2_modified_african.mp4,celebrate,celebrate,celebrate,correct
celebrate_2_modified_asian.mp4,celebrate,clap,clap,incorrect
celebrate_2_modified_hispanic.mp4,celebrate,celebrate,celebrate,correct
celebrate_2_modified_indian.mp4,celebrate,celebrate,celebrate,correct
celebrate_2_modified_middle_eastern.mp4,celebrate,celebrate,celebrate,correct
celebrate_2_modified_white.mp4,celebrate,clap,clap,incorrect
celebrate_3_initial.mp4,celebrate,hug,hug,incorrect
celebrate_3_modified_african.mp4,celebrate,cartwheel,cartwheel,incorrect
celebrate_3_modified_asian.mp4,celebrate,cartwheel,cartwheel,incorrect
celebrate_3_modified_hispanic.mp4,celebrate,cartwheel,cartwheel,incorrect
celebrate_3_modified_indian.mp4,celebrate,celebrate,celebrate,correct
celebrate_3_modified_middle_eastern.mp4,celebrate,cartwheel,cartwheel,incorrect
celebrate_3_modified_south_east_asian.mp4,celebrate,cartwheel,cartwheel,incorrect
celebrate_4_initial.mp4,celebrate,hug,hug,incorrect
celebrate_4_modified_african.mp4,celebrate,cartwheel,cartwheel,incorrect
celebrate_4_modified_asian.mp4,celebrate,hug,hug,incorrect
celebrate_4_modified_hispanic.mp4,celebrate,cartwheel,cartwheel,incorrect
celebrate_4_modified_indian.mp4,celebrate,golf,golf,incorrect
celebrate_4_modified_south_east_asian.mp4,celebrate,hug,hug,incorrect
celebrate_4_modified_white.mp4,celebrate,hug,hug,incorrect
celebrate_5_initial.mp4,celebrate,cartwheel,cartwheel,incorrect
celebrate_5_modified_african.mp4,celebrate,cartwheel,cartwheel,incorrect
celebrate_5_modified_asian.mp4,celebrate,cartwheel,cartwheel,incorrect
celebrate_5_modified_hispanic.mp4,celebrate,celebrate,celebrate,correct
celebrate_5_modified_middle_eastern.mp4,celebrate,cartwheel,cartwheel,incorrect
celebrate_5_modified_south_east_asian.mp4,celebrate,celebrate,celebrate,correct
celebrate_5_modified_white.mp4,celebrate,cartwheel,cartwheel,incorrect
celebrate_6_initial.mp4,celebrate,hug,hug,incorrect
celebrate_6_modified_african.mp4,celebrate,celebrate,celebrate,correct
celebrate_6_modified_asian.mp4,celebrate,celebrate,celebrate,correct
celebrate_6_modified_indian.mp4,celebrate,celebrate,celebrate,correct
celebrate_6_modified_middle_eastern.mp4,celebrate,hug,hug,incorrect
celebrate_6_modified_south_east_asian.mp4,celebrate,hug,hug,incorrect
celebrate_6_modified_white.mp4,celebrate,hug,hug,incorrect
celebrate_7_initial.mp4,celebrate,celebrate,celebrate,correct
celebrate_7_modified_african.mp4,celebrate,celebrate,celebrate,correct
celebrate_7_modified_asian.mp4,celebrate,celebrate,celebrate,correct
celebrate_7_modified_hispanic.mp4,celebrate,clap,clap,incorrect
celebrate_7_modified_indian.mp4,celebrate,celebrate,celebrate,correct
celebrate_7_modified_middle_eastern.mp4,celebrate,celebrate,celebrate,correct
celebrate_7_modified_white.mp4,celebrate,celebrate,celebrate,correct
celebrate_8_initial.mp4,celebrate,hug,hug,incorrect
celebrate_8_modified_african.mp4,celebrate,celebrate,celebrate,correct
celebrate_8_modified_asian.mp4,celebrate,hug,hug,incorrect
celebrate_8_modified_hispanic.mp4,celebrate,celebrate,celebrate,correct
celebrate_8_modified_indian.mp4,celebrate,cartwheel,cartwheel,incorrect
celebrate_8_modified_middle_eastern.mp4,celebrate,celebrate,celebrate,correct
celebrate_8_modified_south_east_asian.mp4,celebrate,celebrate,celebrate,correct
celebrate_9_initial.mp4,celebrate,celebrate,celebrate,correct
celebrate_9_modified_asian.mp4,celebrate,cartwheel,cartwheel,incorrect
celebrate_9_modified_hispanic.mp4,celebrate,celebrate,celebrate,correct
celebrate_9_modified_indian.mp4,celebrate,celebrate,celebrate,correct
celebrate_9_modified_middle_eastern.mp4,celebrate,celebrate,celebrate,correct
celebrate_9_modified_south_east_asian.mp4,celebrate,yoga,yoga,incorrect
celebrate_9_modified_white.mp4,celebrate,celebrate,celebrate,correct
clap_0_initial.mp4,clap,cry,cry,incorrect
clap_0_modified_african.mp4,clap,cry,cry,incorrect
clap_0_modified_asian.mp4,clap,golf,golf,incorrect
clap_0_modified_hispanic.mp4,clap,cry,cry,incorrect
clap_0_modified_indian.mp4,clap,cry,cry,incorrect
clap_0_modified_middle_eastern.mp4,clap,cry,cry,incorrect
clap_0_modified_south_east_asian.mp4,clap,cry,cry,incorrect
clap_1_initial.mp4,clap,golf,golf,incorrect
clap_1_modified_african.mp4,clap,golf,golf,incorrect
clap_1_modified_asian.mp4,clap,golf,golf,incorrect
clap_1_modified_hispanic.mp4,clap,golf,golf,incorrect
clap_1_modified_indian.mp4,clap,golf,golf,incorrect
clap_1_modified_middle_eastern.mp4,clap,squat,squat,incorrect
clap_1_modified_south_east_asian.mp4,clap,cartwheel,cartwheel,incorrect
clap_2_initial.mp4,clap,clap,clap,correct
clap_2_modified_african.mp4,clap,clap,clap,correct
clap_2_modified_asian.mp4,clap,clap,clap,correct
clap_2_modified_hispanic.mp4,clap,clap,clap,correct
clap_2_modified_indian.mp4,clap,clap,clap,correct
clap_2_modified_middle_eastern.mp4,clap,clap,clap,correct
clap_2_modified_white.mp4,clap,clap,clap,correct
clap_3_initial.mp4,clap,clap,clap,correct
clap_3_modified_african.mp4,clap,clap,clap,correct
clap_3_modified_asian.mp4,clap,yoga,yoga,incorrect
clap_3_modified_hispanic.mp4,clap,yoga,yoga,incorrect
clap_3_modified_indian.mp4,clap,celebrate,celebrate,incorrect
clap_3_modified_middle_eastern.mp4,clap,yoga,yoga,incorrect
clap_3_modified_south_east_asian.mp4,clap,yoga,yoga,incorrect
clap_4_initial.mp4,clap,clap,clap,correct
clap_4_modified_african.mp4,clap,clap,clap,correct
clap_4_modified_asian.mp4,clap,clap,clap,correct
clap_4_modified_hispanic.mp4,clap,clap,clap,correct
clap_4_modified_indian.mp4,clap,clap,clap,correct
clap_4_modified_south_east_asian.mp4,clap,celebrate,celebrate,incorrect
clap_4_modified_white.mp4,clap,clap,clap,correct
clap_5_initial.mp4,clap,yoga,yoga,incorrect
clap_5_modified_african.mp4,clap,yoga,yoga,incorrect
clap_5_modified_asian.mp4,clap,yoga,yoga,incorrect
clap_5_modified_hispanic.mp4,clap,yoga,yoga,incorrect
clap_5_modified_middle_eastern.mp4,clap,yoga,yoga,incorrect
clap_5_modified_south_east_asian.mp4,clap,yoga,yoga,incorrect
clap_5_modified_white.mp4,clap,yoga,yoga,incorrect
clap_6_initial.mp4,clap,celebrate,celebrate,incorrect
clap_6_modified_african.mp4,clap,celebrate,celebrate,incorrect
clap_6_modified_asian.mp4,clap,yoga,yoga,incorrect
clap_6_modified_indian.mp4,clap,yoga,yoga,incorrect
clap_6_modified_middle_eastern.mp4,clap,yoga,yoga,incorrect
clap_6_modified_south_east_asian.mp4,clap,celebrate,celebrate,incorrect
clap_6_modified_white.mp4,clap,celebrate,celebrate,incorrect
clap_7_initial.mp4,clap,clap,clap,correct
clap_7_modified_african.mp4,clap,clap,clap,correct
clap_7_modified_asian.mp4,clap,clap,clap,correct
clap_7_modified_hispanic.mp4,clap,clap,clap,correct
clap_7_modified_indian.mp4,clap,clap,clap,correct
clap_7_modified_middle_eastern.mp4,clap,clap,clap,correct
clap_7_modified_white.mp4,clap,clap,clap,correct
clap_8_initial.mp4,clap,clap,clap,correct
clap_8_modified_african.mp4,clap,clap,clap,correct
clap_8_modified_asian.mp4,clap,clap,clap,correct
clap_8_modified_hispanic.mp4,clap,celebrate,celebrate,incorrect
clap_8_modified_indian.mp4,clap,clap,clap,correct
clap_8_modified_middle_eastern.mp4,clap,clap,clap,correct
clap_8_modified_south_east_asian.mp4,clap,clap,clap,correct
clap_9_initial.mp4,clap,celebrate,celebrate,incorrect
clap_9_modified_asian.mp4,clap,celebrate,celebrate,incorrect
clap_9_modified_hispanic.mp4,clap,celebrate,celebrate,incorrect
clap_9_modified_indian.mp4,clap,celebrate,celebrate,incorrect
clap_9_modified_middle_eastern.mp4,clap,celebrate,celebrate,incorrect
clap_9_modified_south_east_asian.mp4,clap,celebrate,celebrate,incorrect
clap_9_modified_white.mp4,clap,celebrate,celebrate,incorrect
cry_0_initial.mp4,cry,cry,cry,correct
cry_0_modified_african.mp4,cry,celebrate,celebrate,incorrect
cry_0_modified_asian.mp4,cry,cry,cry,correct
cry_0_modified_hispanic.mp4,cry,celebrate,celebrate,incorrect
cry_0_modified_indian.mp4,cry,celebrate,celebrate,incorrect
cry_0_modified_middle_eastern.mp4,cry,celebrate,celebrate,incorrect
cry_0_modified_south_east_asian.mp4,cry,celebrate,celebrate,incorrect
cry_1_initial.mp4,cry,hug,hug,incorrect
cry_1_modified_african.mp4,cry,celebrate,celebrate,incorrect
cry_1_modified_asian.mp4,cry,dribble,dribble,incorrect
cry_1_modified_hispanic.mp4,cry,celebrate,celebrate,incorrect
cry_1_modified_indian.mp4,cry,celebrate,celebrate,incorrect
cry_1_modified_middle_eastern.mp4,cry,celebrate,celebrate,incorrect
cry_1_modified_south_east_asian.mp4,cry,celebrate,celebrate,incorrect
cry_2_initial.mp4,cry,celebrate,celebrate,incorrect
cry_2_modified_african.mp4,cry,golf,golf,incorrect
cry_2_modified_asian.mp4,cry,golf,golf,incorrect
cry_2_modified_hispanic.mp4,cry,celebrate,celebrate,incorrect
cry_2_modified_indian.mp4,cry,celebrate,celebrate,incorrect
cry_2_modified_middle_eastern.mp4,cry,celebrate,celebrate,incorrect
cry_2_modified_white.mp4,cry,cry,cry,correct
cry_3_initial.mp4,cry,cry,cry,correct
cry_3_modified_african.mp4,cry,celebrate,celebrate,incorrect
cry_3_modified_asian.mp4,cry,cry,cry,correct
cry_3_modified_hispanic.mp4,cry,celebrate,celebrate,incorrect
cry_3_modified_indian.mp4,cry,celebrate,celebrate,incorrect
cry_3_modified_middle_eastern.mp4,cry,celebrate,celebrate,incorrect
cry_3_modified_south_east_asian.mp4,cry,celebrate,celebrate,incorrect
cry_4_initial.mp4,cry,celebrate,celebrate,incorrect
cry_4_modified_african.mp4,cry,celebrate,celebrate,incorrect
cry_4_modified_asian.mp4,cry,celebrate,celebrate,incorrect
cry_4_modified_hispanic.mp4,cry,celebrate,celebrate,incorrect
cry_4_modified_indian.mp4,cry,celebrate,celebrate,incorrect
cry_4_modified_south_east_asian.mp4,cry,celebrate,celebrate,incorrect
cry_4_modified_white.mp4,cry,hug,hug,incorrect
cry_5_initial.mp4,cry,celebrate,celebrate,incorrect
cry_5_modified_african.mp4,cry,celebrate,celebrate,incorrect
cry_5_modified_asian.mp4,cry,celebrate,celebrate,incorrect
cry_5_modified_hispanic.mp4,cry,celebrate,celebrate,incorrect
cry_5_modified_middle_eastern.mp4,cry,celebrate,celebrate,incorrect
cry_5_modified_south_east_asian.mp4,cry,celebrate,celebrate,incorrect
cry_5_modified_white.mp4,cry,cry,cry,correct
cry_6_initial.mp4,cry,celebrate,celebrate,incorrect
cry_6_modified_african.mp4,cry,celebrate,celebrate,incorrect
cry_6_modified_asian.mp4,cry,celebrate,celebrate,incorrect
cry_6_modified_indian.mp4,cry,celebrate,celebrate,incorrect
cry_6_modified_middle_eastern.mp4,cry,celebrate,celebrate,incorrect
cry_6_modified_south_east_asian.mp4,cry,celebrate,celebrate,incorrect
cry_6_modified_white.mp4,cry,cry,cry,correct
cry_7_initial.mp4,cry,celebrate,celebrate,incorrect
cry_7_modified_african.mp4,cry,celebrate,celebrate,incorrect
cry_7_modified_asian.mp4,cry,celebrate,celebrate,incorrect
cry_7_modified_hispanic.mp4,cry,celebrate,celebrate,incorrect
cry_7_modified_indian.mp4,cry,celebrate,celebrate,incorrect
cry_7_modified_middle_eastern.mp4,cry,celebrate,celebrate,incorrect
cry_7_modified_white.mp4,cry,celebrate,celebrate,incorrect
cry_8_initial.mp4,cry,celebrate,celebrate,incorrect
cry_8_modified_african.mp4,cry,celebrate,celebrate,incorrect
cry_8_modified_asian.mp4,cry,golf,golf,incorrect
cry_8_modified_hispanic.mp4,cry,celebrate,celebrate,incorrect
cry_8_modified_indian.mp4,cry,celebrate,celebrate,incorrect
cry_8_modified_middle_eastern.mp4,cry,celebrate,celebrate,incorrect
cry_8_modified_south_east_asian.mp4,cry,celebrate,celebrate,incorrect
cry_9_initial.mp4,cry,celebrate,celebrate,incorrect
cry_9_modified_asian.mp4,cry,yoga,yoga,incorrect
cry_9_modified_hispanic.mp4,cry,celebrate,celebrate,incorrect
cry_9_modified_indian.mp4,cry,celebrate,celebrate,incorrect
cry_9_modified_middle_eastern.mp4,cry,celebrate,celebrate,incorrect
cry_9_modified_south_east_asian.mp4,cry,celebrate,celebrate,incorrect
cry_9_modified_white.mp4,cry,celebrate,celebrate,incorrect
draw_0_initial.mp4,draw,golf,golf,incorrect
draw_0_modified_african.mp4,draw,cry,cry,incorrect
draw_0_modified_asian.mp4,draw,tie,tie,incorrect
draw_0_modified_hispanic.mp4,draw,tie,tie,incorrect
draw_0_modified_indian.mp4,draw,tie,tie,incorrect
draw_0_modified_middle_eastern.mp4,draw,tie,tie,incorrect
draw_0_modified_south_east_asian.mp4,draw,tie,tie,incorrect
draw_1_initial.mp4,draw,golf,golf,incorrect
draw_1_modified_african.mp4,draw,yoga,yoga,incorrect
draw_1_modified_asian.mp4,draw,golf,golf,incorrect
draw_1_modified_hispanic.mp4,draw,golf,golf,incorrect
draw_1_modified_indian.mp4,draw,golf,golf,incorrect
draw_1_modified_middle_eastern.mp4,draw,golf,golf,incorrect
draw_1_modified_south_east_asian.mp4,draw,golf,golf,incorrect
draw_2_initial.mp4,draw,cry,cry,incorrect
draw_2_modified_african.mp4,draw,golf,golf,incorrect
draw_2_modified_asian.mp4,draw,cry,cry,incorrect
draw_2_modified_hispanic.mp4,draw,cry,cry,incorrect
draw_2_modified_indian.mp4,draw,cry,cry,incorrect
draw_2_modified_middle_eastern.mp4,draw,cry,cry,incorrect
draw_2_modified_white.mp4,draw,cry,cry,incorrect
draw_3_initial.mp4,draw,yoga,yoga,incorrect
draw_3_modified_african.mp4,draw,yoga,yoga,incorrect
draw_3_modified_asian.mp4,draw,yoga,yoga,incorrect
draw_3_modified_hispanic.mp4,draw,yoga,yoga,incorrect
draw_3_modified_indian.mp4,draw,yoga,yoga,incorrect
draw_3_modified_middle_eastern.mp4,draw,yoga,yoga,incorrect
draw_3_modified_south_east_asian.mp4,draw,yoga,yoga,incorrect
draw_4_initial.mp4,draw,cry,cry,incorrect
draw_4_modified_african.mp4,draw,cry,cry,incorrect
draw_4_modified_asian.mp4,draw,cry,cry,incorrect
draw_4_modified_hispanic.mp4,draw,cry,cry,incorrect
draw_4_modified_indian.mp4,draw,cry,cry,incorrect
draw_4_modified_south_east_asian.mp4,draw,cry,cry,incorrect
draw_4_modified_white.mp4,draw,cry,cry,incorrect
draw_5_initial.mp4,draw,yoga,yoga,incorrect
draw_5_modified_african.mp4,draw,yoga,yoga,incorrect
draw_5_modified_asian.mp4,draw,yoga,yoga,incorrect
draw_5_modified_hispanic.mp4,draw,yoga,yoga,incorrect
draw_5_modified_middle_eastern.mp4,draw,yoga,yoga,incorrect
draw_5_modified_south_east_asian.mp4,draw,yoga,yoga,incorrect
draw_5_modified_white.mp4,draw,yoga,yoga,incorrect
draw_6_initial.mp4,draw,cry,cry,incorrect
draw_6_modified_african.mp4,draw,cry,cry,incorrect
draw_6_modified_asian.mp4,draw,golf,golf,incorrect
draw_6_modified_indian.mp4,draw,cry,cry,incorrect
draw_6_modified_middle_eastern.mp4,draw,cry,cry,incorrect
draw_6_modified_south_east_asian.mp4,draw,tie,tie,incorrect
draw_6_modified_white.mp4,draw,tie,tie,incorrect
draw_7_initial.mp4,draw,golf,golf,incorrect
draw_7_modified_african.mp4,draw,golf,golf,incorrect
draw_7_modified_asian.mp4,draw,golf,golf,incorrect
draw_7_modified_hispanic.mp4,draw,golf,golf,incorrect
draw_7_modified_indian.mp4,draw,yoga,yoga,incorrect
draw_7_modified_middle_eastern.mp4,draw,golf,golf,incorrect
draw_7_modified_white.mp4,draw,golf,golf,incorrect
draw_8_initial.mp4,draw,golf,golf,incorrect
draw_8_modified_african.mp4,draw,golf,golf,incorrect
draw_8_modified_asian.mp4,draw,yoga,yoga,incorrect
draw_8_modified_hispanic.mp4,draw,golf,golf,incorrect
draw_8_modified_indian.mp4,draw,yoga,yoga,incorrect
draw_8_modified_middle_eastern.mp4,draw,golf,golf,incorrect
draw_8_modified_south_east_asian.mp4,draw,golf,golf,incorrect
draw_9_initial.mp4,draw,yoga,yoga,incorrect
draw_9_modified_asian.mp4,draw,yoga,yoga,incorrect
draw_9_modified_hispanic.mp4,draw,tie,tie,incorrect
draw_9_modified_indian.mp4,draw,tie,tie,incorrect
draw_9_modified_middle_eastern.mp4,draw,yoga,yoga,incorrect
draw_9_modified_south_east_asian.mp4,draw,yoga,yoga,incorrect
draw_9_modified_white.mp4,draw,cry,cry,incorrect
dribble_0_initial.mp4,dribble,celebrate,celebrate,incorrect
dribble_0_modified_african.mp4,dribble,celebrate,celebrate,incorrect
dribble_0_modified_asian.mp4,dribble,golf,golf,incorrect
dribble_0_modified_hispanic.mp4,dribble,celebrate,celebrate,incorrect
dribble_0_modified_indian.mp4,dribble,celebrate,celebrate,incorrect
dribble_0_modified_middle_eastern.mp4,dribble,celebrate,celebrate,incorrect
dribble_0_modified_south_east_asian.mp4,dribble,celebrate,celebrate,incorrect
dribble_1_initial.mp4,dribble,cry,cry,incorrect
dribble_1_modified_african.mp4,dribble,cry,cry,incorrect
dribble_1_modified_asian.mp4,dribble,cry,cry,incorrect
dribble_1_modified_hispanic.mp4,dribble,cry,cry,incorrect
dribble_1_modified_indian.mp4,dribble,cry,cry,incorrect
dribble_1_modified_middle_eastern.mp4,dribble,jog,jog,incorrect
dribble_1_modified_south_east_asian.mp4,dribble,cry,cry,incorrect
dribble_2_initial.mp4,dribble,celebrate,celebrate,incorrect
dribble_2_modified_african.mp4,dribble,celebrate,celebrate,incorrect
dribble_2_modified_asian.mp4,dribble,celebrate,celebrate,incorrect
dribble_2_modified_hispanic.mp4,dribble,celebrate,celebrate,incorrect
dribble_2_modified_indian.mp4,dribble,celebrate,celebrate,incorrect
dribble_2_modified_middle_eastern.mp4,dribble,jog,jog,incorrect
dribble_2_modified_white.mp4,dribble,celebrate,celebrate,incorrect
dribble_3_initial.mp4,dribble,golf,golf,incorrect
dribble_3_modified_african.mp4,dribble,golf,golf,incorrect
dribble_3_modified_asian.mp4,dribble,golf,golf,incorrect
dribble_3_modified_hispanic.mp4,dribble,golf,golf,incorrect
dribble_3_modified_indian.mp4,dribble,golf,golf,incorrect
dribble_3_modified_middle_eastern.mp4,dribble,golf,golf,incorrect
dribble_3_modified_south_east_asian.mp4,dribble,celebrate,celebrate,incorrect
dribble_4_initial.mp4,dribble,celebrate,celebrate,incorrect
dribble_4_modified_african.mp4,dribble,golf,golf,incorrect
dribble_4_modified_asian.mp4,dribble,celebrate,celebrate,incorrect
dribble_4_modified_hispanic.mp4,dribble,golf,golf,incorrect
dribble_4_modified_indian.mp4,dribble,golf,golf,incorrect
dribble_4_modified_south_east_asian.mp4,dribble,golf,golf,incorrect
dribble_4_modified_white.mp4,dribble,golf,golf,incorrect
dribble_5_initial.mp4,dribble,golf,golf,incorrect
dribble_5_modified_african.mp4,dribble,jog,jog,incorrect
dribble_5_modified_asian.mp4,dribble,celebrate,celebrate,incorrect
dribble_5_modified_hispanic.mp4,dribble,celebrate,celebrate,incorrect
dribble_5_modified_middle_eastern.mp4,dribble,celebrate,celebrate,incorrect
dribble_5_modified_south_east_asian.mp4,dribble,jog,jog,incorrect
dribble_5_modified_white.mp4,dribble,golf,golf,incorrect
dribble_6_initial.mp4,dribble,hug,hug,incorrect
dribble_6_modified_african.mp4,dribble,hug,hug,incorrect
dribble_6_modified_asian.mp4,dribble,celebrate,celebrate,incorrect
dribble_6_modified_indian.mp4,dribble,hug,hug,incorrect
dribble_6_modified_middle_eastern.mp4,dribble,celebrate,celebrate,incorrect
dribble_6_modified_south_east_asian.mp4,dribble,celebrate,celebrate,incorrect
dribble_6_modified_white.mp4,dribble,celebrate,celebrate,incorrect
dribble_7_initial.mp4,dribble,jog,jog,incorrect
dribble_7_modified_african.mp4,dribble,jog,jog,incorrect
dribble_7_modified_asian.mp4,dribble,jog,jog,incorrect
dribble_7_modified_hispanic.mp4,dribble,jog,jog,incorrect
dribble_7_modified_indian.mp4,dribble,jog,jog,incorrect
dribble_7_modified_middle_eastern.mp4,dribble,jog,jog,incorrect
dribble_7_modified_white.mp4,dribble,jog,jog,incorrect
dribble_8_initial.mp4,dribble,cry,cry,incorrect
dribble_8_modified_african.mp4,dribble,celebrate,celebrate,incorrect
dribble_8_modified_asian.mp4,dribble,cry,cry,incorrect
dribble_8_modified_hispanic.mp4,dribble,cry,cry,incorrect
dribble_8_modified_indian.mp4,dribble,cry,cry,incorrect
dribble_8_modified_middle_eastern.mp4,dribble,cry,cry,incorrect
dribble_8_modified_south_east_asian.mp4,dribble,cry,cry,incorrect
dribble_9_initial.mp4,dribble,celebrate,celebrate,incorrect
dribble_9_modified_asian.mp4,dribble,celebrate,celebrate,incorrect
dribble_9_modified_hispanic.mp4,dribble,celebrate,celebrate,incorrect
dribble_9_modified_indian.mp4,dribble,golf,golf,incorrect
dribble_9_modified_middle_eastern.mp4,dribble,golf,golf,incorrect
dribble_9_modified_south_east_asian.mp4,dribble,celebrate,celebrate,incorrect
dribble_9_modified_white.mp4,dribble,golf,golf,incorrect
drink_0_initial.mp4,drink,golf,golf,incorrect
drink_0_modified_african.mp4,drink,golf,golf,incorrect
drink_0_modified_asian.mp4,drink,golf,golf,incorrect
drink_0_modified_hispanic.mp4,drink,golf,golf,incorrect
drink_0_modified_indian.mp4,drink,golf,golf,incorrect
drink_0_modified_middle_eastern.mp4,drink,golf,golf,incorrect
drink_0_modified_south_east_asian.mp4,drink,golf,golf,incorrect
drink_1_initial.mp4,drink,clap,clap,incorrect
drink_1_modified_african.mp4,drink,clap,clap,incorrect
drink_1_modified_asian.mp4,drink,clap,clap,incorrect
drink_1_modified_hispanic.mp4,drink,cry,cry,incorrect
drink_1_modified_indian.mp4,drink,clap,clap,incorrect
drink_1_modified_middle_eastern.mp4,drink,clap,clap,incorrect
drink_1_modified_south_east_asian.mp4,drink,cry,cry,incorrect
drink_2_initial.mp4,drink,drink,drink,correct
drink_2_modified_african.mp4,drink,cry,cry,incorrect
drink_2_modified_asian.mp4,drink,golf,golf,incorrect
drink_2_modified_hispanic.mp4,drink,drink,drink,correct
drink_2_modified_indian.mp4,drink,golf,golf,incorrect
drink_2_modified_middle_eastern.mp4,drink,golf,golf,incorrect
drink_2_modified_white.mp4,drink,golf,golf,incorrect
drink_3_initial.mp4,drink,celebrate,celebrate,incorrect
drink_3_modified_african.mp4,drink,golf,golf,incorrect
drink_3_modified_asian.mp4,drink,golf,golf,incorrect
drink_3_modified_hispanic.mp4,drink,golf,golf,incorrect
drink_3_modified_indian.mp4,drink,golf,golf,incorrect
drink_3_modified_middle_eastern.mp4,drink,golf,golf,incorrect
drink_3_modified_south_east_asian.mp4,drink,celebrate,celebrate,incorrect
drink_4_initial.mp4,drink,clap,clap,incorrect
drink_4_modified_african.mp4,drink,clap,clap,incorrect
drink_4_modified_asian.mp4,drink,golf,golf,incorrect
drink_4_modified_hispanic.mp4,drink,golf,golf,incorrect
drink_4_modified_indian.mp4,drink,clap,clap,incorrect
drink_4_modified_south_east_asian.mp4,drink,celebrate,celebrate,incorrect
drink_4_modified_white.mp4,drink,clap,clap,incorrect
drink_5_initial.mp4,drink,clap,clap,incorrect
drink_5_modified_african.mp4,drink,clap,clap,incorrect
drink_5_modified_asian.mp4,drink,celebrate,celebrate,incorrect
drink_5_modified_hispanic.mp4,drink,celebrate,celebrate,incorrect
drink_5_modified_middle_eastern.mp4,drink,celebrate,celebrate,incorrect
drink_5_modified_south_east_asian.mp4,drink,celebrate,celebrate,incorrect
drink_5_modified_white.mp4,drink,celebrate,celebrate,incorrect
drink_6_initial.mp4,drink,golf,golf,incorrect
drink_6_modified_african.mp4,drink,golf,golf,incorrect
drink_6_modified_asian.mp4,drink,golf,golf,incorrect
drink_6_modified_indian.mp4,drink,golf,golf,incorrect
drink_6_modified_middle_eastern.mp4,drink,golf,golf,incorrect
drink_6_modified_south_east_asian.mp4,drink,golf,golf,incorrect
drink_6_modified_white.mp4,drink,golf,golf,incorrect
drink_7_initial.mp4,drink,hug,hug,incorrect
drink_7_modified_african.mp4,drink,hug,hug,incorrect
drink_7_modified_asian.mp4,drink,hug,hug,incorrect
drink_7_modified_hispanic.mp4,drink,hug,hug,incorrect
drink_7_modified_indian.mp4,drink,hug,hug,incorrect
drink_7_modified_middle_eastern.mp4,drink,hug,hug,incorrect
drink_7_modified_white.mp4,drink,golf,golf,incorrect
drink_8_initial.mp4,drink,yawn,yawn,incorrect
drink_8_modified_african.mp4,drink,drink,drink,correct
drink_8_modified_asian.mp4,drink,drink,drink,correct
drink_8_modified_hispanic.mp4,drink,drink,drink,correct
drink_8_modified_indian.mp4,drink,drink,drink,correct
drink_8_modified_middle_eastern.mp4,drink,drink,drink,correct
drink_8_modified_south_east_asian.mp4,drink,drink,drink,correct
drink_9_initial.mp4,drink,clap,clap,incorrect
drink_9_modified_asian.mp4,drink,clap,clap,incorrect
drink_9_modified_hispanic.mp4,drink,clap,clap,incorrect
drink_9_modified_indian.mp4,drink,clap,clap,incorrect
drink_9_modified_middle_eastern.mp4,drink,cry,cry,incorrect
drink_9_modified_south_east_asian.mp4,drink,clap,clap,incorrect
drink_9_modified_white.mp4,drink,cry,cry,incorrect
drive_0_initial.mp4,drive,golf,golf,incorrect
drive_0_modified_african.mp4,drive,golf,golf,incorrect
drive_0_modified_asian.mp4,drive,golf,golf,incorrect
drive_0_modified_hispanic.mp4,drive,golf,golf,incorrect
drive_0_modified_indian.mp4,drive,golf,golf,incorrect
drive_0_modified_middle_eastern.mp4,drive,golf,golf,incorrect
drive_0_modified_south_east_asian.mp4,drive,cry,cry,incorrect
drive_1_initial.mp4,drive,lunge,lunge,incorrect
drive_1_modified_african.mp4,drive,lunge,lunge,incorrect
drive_1_modified_asian.mp4,drive,clap,clap,incorrect
drive_1_modified_hispanic.mp4,drive,lunge,lunge,incorrect
drive_1_modified_indian.mp4,drive,golf,golf,incorrect
drive_1_modified_middle_eastern.mp4,drive,lunge,lunge,incorrect
drive_1_modified_south_east_asian.mp4,drive,lunge,lunge,incorrect
drive_2_initial.mp4,drive,golf,golf,incorrect
drive_2_modified_african.mp4,drive,golf,golf,incorrect
drive_2_modified_asian.mp4,drive,golf,golf,incorrect
drive_2_modified_hispanic.mp4,drive,golf,golf,incorrect
drive_2_modified_indian.mp4,drive,golf,golf,incorrect
drive_2_modified_middle_eastern.mp4,drive,golf,golf,incorrect
drive_2_modified_white.mp4,drive,golf,golf,incorrect
drive_3_initial.mp4,drive,golf,golf,incorrect
drive_3_modified_african.mp4,drive,golf,golf,incorrect
drive_3_modified_asian.mp4,drive,golf,golf,incorrect
drive_3_modified_hispanic.mp4,drive,golf,golf,incorrect
drive_3_modified_indian.mp4,drive,golf,golf,incorrect
drive_3_modified_middle_eastern.mp4,drive,golf,golf,incorrect
drive_3_modified_south_east_asian.mp4,drive,golf,golf,incorrect
drive_4_initial.mp4,drive,golf,golf,incorrect
drive_4_modified_african.mp4,drive,golf,golf,incorrect
drive_4_modified_asian.mp4,drive,golf,golf,incorrect
drive_4_modified_hispanic.mp4,drive,golf,golf,incorrect
drive_4_modified_indian.mp4,drive,golf,golf,incorrect
drive_4_modified_south_east_asian.mp4,drive,golf,golf,incorrect
drive_4_modified_white.mp4,drive,golf,golf,incorrect
drive_5_initial.mp4,drive,yoga,yoga,incorrect
drive_5_modified_african.mp4,drive,yoga,yoga,incorrect
drive_5_modified_asian.mp4,drive,yoga,yoga,incorrect
drive_5_modified_hispanic.mp4,drive,yoga,yoga,incorrect
drive_5_modified_middle_eastern.mp4,drive,golf,golf,incorrect
drive_5_modified_south_east_asian.mp4,drive,yoga,yoga,incorrect
drive_5_modified_white.mp4,drive,golf,golf,incorrect
drive_6_initial.mp4,drive,yoga,yoga,incorrect
drive_6_modified_african.mp4,drive,yoga,yoga,incorrect
drive_6_modified_asian.mp4,drive,yoga,yoga,incorrect
drive_6_modified_indian.mp4,drive,yoga,yoga,incorrect
drive_6_modified_middle_eastern.mp4,drive,yoga,yoga,incorrect
drive_6_modified_south_east_asian.mp4,drive,yoga,yoga,incorrect
drive_6_modified_white.mp4,drive,yoga,yoga,incorrect
drive_7_initial.mp4,drive,golf,golf,incorrect
drive_7_modified_african.mp4,drive,golf,golf,incorrect
drive_7_modified_asian.mp4,drive,golf,golf,incorrect
drive_7_modified_hispanic.mp4,drive,golf,golf,incorrect
drive_7_modified_indian.mp4,drive,golf,golf,incorrect
drive_7_modified_middle_eastern.mp4,drive,golf,golf,incorrect
drive_7_modified_white.mp4,drive,golf,golf,incorrect
drive_8_initial.mp4,drive,yoga,yoga,incorrect
drive_8_modified_african.mp4,drive,lunge,lunge,incorrect
drive_8_modified_asian.mp4,drive,yoga,yoga,incorrect
drive_8_modified_hispanic.mp4,drive,yoga,yoga,incorrect
drive_8_modified_indian.mp4,drive,lunge,lunge,incorrect
drive_8_modified_middle_eastern.mp4,drive,yoga,yoga,incorrect
drive_8_modified_south_east_asian.mp4,drive,lunge,lunge,incorrect
drive_9_initial.mp4,drive,cry,cry,incorrect
drive_9_modified_asian.mp4,drive,cry,cry,incorrect
drive_9_modified_hispanic.mp4,drive,cry,cry,incorrect
drive_9_modified_indian.mp4,drive,cry,cry,incorrect
drive_9_modified_middle_eastern.mp4,drive,cry,cry,incorrect
drive_9_modified_south_east_asian.mp4,drive,cry,cry,incorrect
drive_9_modified_white.mp4,drive,cry,cry,incorrect
fish_0_initial.mp4,fish,hug,hug,incorrect
fish_0_modified_african.mp4,fish,golf,golf,incorrect
fish_0_modified_asian.mp4,fish,golf,golf,incorrect
fish_0_modified_hispanic.mp4,fish,golf,golf,incorrect
fish_0_modified_indian.mp4,fish,clap,clap,incorrect
fish_0_modified_middle_eastern.mp4,fish,clap,clap,incorrect
fish_0_modified_south_east_asian.mp4,fish,golf,golf,incorrect
fish_1_initial.mp4,fish,golf,golf,incorrect
fish_1_modified_african.mp4,fish,golf,golf,incorrect
fish_1_modified_asian.mp4,fish,golf,golf,incorrect
fish_1_modified_hispanic.mp4,fish,golf,golf,incorrect
fish_1_modified_indian.mp4,fish,golf,golf,incorrect
fish_1_modified_middle_eastern.mp4,fish,golf,golf,incorrect
fish_1_modified_south_east_asian.mp4,fish,golf,golf,incorrect
fish_2_initial.mp4,fish,hug,hug,incorrect
fish_2_modified_african.mp4,fish,jog,jog,incorrect
fish_2_modified_asian.mp4,fish,jog,jog,incorrect
fish_2_modified_hispanic.mp4,fish,jog,jog,incorrect
fish_2_modified_indian.mp4,fish,jog,jog,incorrect
fish_2_modified_middle_eastern.mp4,fish,jog,jog,incorrect
fish_2_modified_white.mp4,fish,jog,jog,incorrect
fish_3_initial.mp4,fish,drive,drive,incorrect
fish_3_modified_african.mp4,fish,golf,golf,incorrect
fish_3_modified_asian.mp4,fish,golf,golf,incorrect
fish_3_modified_hispanic.mp4,fish,golf,golf,incorrect
fish_3_modified_indian.mp4,fish,golf,golf,incorrect
fish_3_modified_middle_eastern.mp4,fish,golf,golf,incorrect
fish_3_modified_south_east_asian.mp4,fish,golf,golf,incorrect
fish_4_initial.mp4,fish,golf,golf,incorrect
fish_4_modified_african.mp4,fish,golf,golf,incorrect
fish_4_modified_asian.mp4,fish,golf,golf,incorrect
fish_4_modified_hispanic.mp4,fish,golf,golf,incorrect
fish_4_modified_indian.mp4,fish,golf,golf,incorrect
fish_4_modified_south_east_asian.mp4,fish,golf,golf,incorrect
fish_4_modified_white.mp4,fish,golf,golf,incorrect
fish_5_initial.mp4,fish,golf,golf,incorrect
fish_5_modified_african.mp4,fish,golf,golf,incorrect
fish_5_modified_asian.mp4,fish,golf,golf,incorrect
fish_5_modified_hispanic.mp4,fish,golf,golf,incorrect
fish_5_modified_middle_eastern.mp4,fish,golf,golf,incorrect
fish_5_modified_south_east_asian.mp4,fish,golf,golf,incorrect
fish_5_modified_white.mp4,fish,golf,golf,incorrect
fish_6_initial.mp4,fish,celebrate,celebrate,incorrect
fish_6_modified_african.mp4,fish,cartwheel,cartwheel,incorrect
fish_6_modified_asian.mp4,fish,cartwheel,cartwheel,incorrect
fish_6_modified_indian.mp4,fish,cartwheel,cartwheel,incorrect
fish_6_modified_middle_eastern.mp4,fish,celebrate,celebrate,incorrect
fish_6_modified_south_east_asian.mp4,fish,cartwheel,cartwheel,incorrect
fish_6_modified_white.mp4,fish,cartwheel,cartwheel,incorrect
fish_7_initial.mp4,fish,golf,golf,incorrect
fish_7_modified_african.mp4,fish,golf,golf,incorrect
fish_7_modified_asian.mp4,fish,golf,golf,incorrect
fish_7_modified_hispanic.mp4,fish,golf,golf,incorrect
fish_7_modified_indian.mp4,fish,golf,golf,incorrect
fish_7_modified_middle_eastern.mp4,fish,golf,golf,incorrect
fish_7_modified_white.mp4,fish,golf,golf,incorrect
fish_8_initial.mp4,fish,golf,golf,incorrect
fish_8_modified_african.mp4,fish,golf,golf,incorrect
fish_8_modified_asian.mp4,fish,golf,golf,incorrect
fish_8_modified_hispanic.mp4,fish,golf,golf,incorrect
fish_8_modified_indian.mp4,fish,golf,golf,incorrect
fish_8_modified_middle_eastern.mp4,fish,golf,golf,incorrect
fish_8_modified_south_east_asian.mp4,fish,golf,golf,incorrect
fish_9_initial.mp4,fish,golf,golf,incorrect
fish_9_modified_asian.mp4,fish,golf,golf,incorrect
fish_9_modified_hispanic.mp4,fish,golf,golf,incorrect
fish_9_modified_indian.mp4,fish,golf,golf,incorrect
fish_9_modified_middle_eastern.mp4,fish,golf,golf,incorrect
fish_9_modified_south_east_asian.mp4,fish,golf,golf,incorrect
fish_9_modified_white.mp4,fish,golf,golf,incorrect
golf_0_initial.mp4,golf,golf,golf,correct
golf_0_modified_african.mp4,golf,golf,golf,correct
golf_0_modified_asian.mp4,golf,golf,golf,correct
golf_0_modified_hispanic.mp4,golf,golf,golf,correct
golf_0_modified_indian.mp4,golf,golf,golf,correct
golf_0_modified_middle_eastern.mp4,golf,golf,golf,correct
golf_0_modified_south_east_asian.mp4,golf,celebrate,celebrate,incorrect
golf_1_initial.mp4,golf,cry,cry,incorrect
golf_1_modified_african.mp4,golf,golf,golf,correct
golf_1_modified_asian.mp4,golf,golf,golf,correct
golf_1_modified_hispanic.mp4,golf,golf,golf,correct
golf_1_modified_indian.mp4,golf,cry,cry,incorrect
golf_1_modified_middle_eastern.mp4,golf,cry,cry,incorrect
golf_1_modified_south_east_asian.mp4,golf,yoga,yoga,incorrect
golf_2_initial.mp4,golf,cry,cry,incorrect
golf_2_modified_african.mp4,golf,cry,cry,incorrect
golf_2_modified_asian.mp4,golf,cry,cry,incorrect
golf_2_modified_hispanic.mp4,golf,cry,cry,incorrect
golf_2_modified_indian.mp4,golf,cry,cry,incorrect
golf_2_modified_middle_eastern.mp4,golf,cry,cry,incorrect
golf_2_modified_white.mp4,golf,cry,cry,incorrect
golf_3_initial.mp4,golf,cry,cry,incorrect
golf_3_modified_african.mp4,golf,golf,golf,correct
golf_3_modified_asian.mp4,golf,golf,golf,correct
golf_3_modified_hispanic.mp4,golf,golf,golf,correct
golf_3_modified_indian.mp4,golf,golf,golf,correct
golf_3_modified_middle_eastern.mp4,golf,golf,golf,correct
golf_3_modified_south_east_asian.mp4,golf,golf,golf,correct
golf_4_initial.mp4,golf,hug,hug,incorrect
golf_4_modified_african.mp4,golf,yoga,yoga,incorrect
golf_4_modified_asian.mp4,golf,yoga,yoga,incorrect
golf_4_modified_hispanic.mp4,golf,cry,cry,incorrect
golf_4_modified_indian.mp4,golf,yoga,yoga,incorrect
golf_4_modified_south_east_asian.mp4,golf,yoga,yoga,incorrect
golf_4_modified_white.mp4,golf,hug,hug,incorrect
golf_5_initial.mp4,golf,golf,golf,correct
golf_5_modified_african.mp4,golf,golf,golf,correct
golf_5_modified_asian.mp4,golf,golf,golf,correct
golf_5_modified_hispanic.mp4,golf,golf,golf,correct
golf_5_modified_middle_eastern.mp4,golf,golf,golf,correct
golf_5_modified_south_east_asian.mp4,golf,golf,golf,correct
golf_5_modified_white.mp4,golf,golf,golf,correct
golf_6_initial.mp4,golf,cry,cry,incorrect
golf_6_modified_african.mp4,golf,golf,golf,correct
golf_6_modified_asian.mp4,golf,hug,hug,incorrect
golf_6_modified_indian.mp4,golf,golf,golf,correct
golf_6_modified_middle_eastern.mp4,golf,dribble,dribble,incorrect
golf_6_modified_south_east_asian.mp4,golf,golf,golf,correct
golf_6_modified_white.mp4,golf,hug,hug,incorrect
golf_7_initial.mp4,golf,cry,cry,incorrect
golf_7_modified_african.mp4,golf,cry,cry,incorrect
golf_7_modified_asian.mp4,golf,golf,golf,correct
golf_7_modified_hispanic.mp4,golf,cry,cry,incorrect
golf_7_modified_indian.mp4,golf,cry,cry,incorrect
golf_7_modified_middle_eastern.mp4,golf,yoga,yoga,incorrect
golf_7_modified_white.mp4,golf,cry,cry,incorrect
golf_8_initial.mp4,golf,cry,cry,incorrect
golf_8_modified_african.mp4,golf,cry,cry,incorrect
golf_8_modified_asian.mp4,golf,cry,cry,incorrect
golf_8_modified_hispanic.mp4,golf,cry,cry,incorrect
golf_8_modified_indian.mp4,golf,cry,cry,incorrect
golf_8_modified_middle_eastern.mp4,golf,cry,cry,incorrect
golf_8_modified_south_east_asian.mp4,golf,cry,cry,incorrect
golf_9_initial.mp4,golf,yoga,yoga,incorrect
golf_9_modified_asian.mp4,golf,jog,jog,incorrect
golf_9_modified_hispanic.mp4,golf,yoga,yoga,incorrect
golf_9_modified_indian.mp4,golf,dribble,dribble,incorrect
golf_9_modified_middle_eastern.mp4,golf,yoga,yoga,incorrect
golf_9_modified_south_east_asian.mp4,golf,yoga,yoga,incorrect
golf_9_modified_white.mp4,golf,yoga,yoga,incorrect
hug_0_initial.mp4,hug,golf,golf,incorrect
hug_0_modified_african.mp4,hug,golf,golf,incorrect
hug_0_modified_asian.mp4,hug,golf,golf,incorrect
hug_0_modified_hispanic.mp4,hug,golf,golf,incorrect
hug_0_modified_indian.mp4,hug,celebrate,celebrate,incorrect
hug_0_modified_middle_eastern.mp4,hug,golf,golf,incorrect
hug_0_modified_south_east_asian.mp4,hug,golf,golf,incorrect
hug_1_initial.mp4,hug,golf,golf,incorrect
hug_1_modified_african.mp4,hug,golf,golf,incorrect
hug_1_modified_asian.mp4,hug,golf,golf,incorrect
hug_1_modified_hispanic.mp4,hug,golf,golf,incorrect
hug_1_modified_indian.mp4,hug,golf,golf,incorrect
hug_1_modified_middle_eastern.mp4,hug,golf,golf,incorrect
hug_1_modified_south_east_asian.mp4,hug,golf,golf,incorrect
hug_2_initial.mp4,hug,celebrate,celebrate,incorrect
hug_2_modified_african.mp4,hug,cartwheel,cartwheel,incorrect
hug_2_modified_asian.mp4,hug,celebrate,celebrate,incorrect
hug_2_modified_hispanic.mp4,hug,celebrate,celebrate,incorrect
hug_2_modified_indian.mp4,hug,cartwheel,cartwheel,incorrect
hug_2_modified_middle_eastern.mp4,hug,celebrate,celebrate,incorrect
hug_2_modified_white.mp4,hug,yoga,yoga,incorrect
hug_3_initial.mp4,hug,celebrate,celebrate,incorrect
hug_3_modified_african.mp4,hug,celebrate,celebrate,incorrect
hug_3_modified_asian.mp4,hug,celebrate,celebrate,incorrect
hug_3_modified_hispanic.mp4,hug,cartwheel,cartwheel,incorrect
hug_3_modified_indian.mp4,hug,cartwheel,cartwheel,incorrect
hug_3_modified_middle_eastern.mp4,hug,celebrate,celebrate,incorrect
hug_3_modified_south_east_asian.mp4,hug,celebrate,celebrate,incorrect
hug_4_initial.mp4,hug,golf,golf,incorrect
hug_4_modified_african.mp4,hug,celebrate,celebrate,incorrect
hug_4_modified_asian.mp4,hug,golf,golf,incorrect
hug_4_modified_hispanic.mp4,hug,golf,golf,incorrect
hug_4_modified_indian.mp4,hug,cartwheel,cartwheel,incorrect
hug_4_modified_south_east_asian.mp4,hug,celebrate,celebrate,incorrect
hug_4_modified_white.mp4,hug,celebrate,celebrate,incorrect
hug_5_initial.mp4,hug,golf,golf,incorrect
hug_5_modified_african.mp4,hug,golf,golf,incorrect
hug_5_modified_asian.mp4,hug,celebrate,celebrate,incorrect
hug_5_modified_hispanic.mp4,hug,golf,golf,incorrect
hug_5_modified_middle_eastern.mp4,hug,golf,golf,incorrect
hug_5_modified_south_east_asian.mp4,hug,golf,golf,incorrect
hug_5_modified_white.mp4,hug,golf,golf,incorrect
hug_6_initial.mp4,hug,golf,golf,incorrect
hug_6_modified_african.mp4,hug,golf,golf,incorrect
hug_6_modified_asian.mp4,hug,golf,golf,incorrect
hug_6_modified_indian.mp4,hug,golf,golf,incorrect
hug_6_modified_middle_eastern.mp4,hug,golf,golf,incorrect
hug_6_modified_south_east_asian.mp4,hug,golf,golf,incorrect
hug_6_modified_white.mp4,hug,golf,golf,incorrect
hug_7_initial.mp4,hug,celebrate,celebrate,incorrect
hug_7_modified_african.mp4,hug,celebrate,celebrate,incorrect
hug_7_modified_asian.mp4,hug,yoga,yoga,incorrect
hug_7_modified_hispanic.mp4,hug,celebrate,celebrate,incorrect
hug_7_modified_indian.mp4,hug,celebrate,celebrate,incorrect
hug_7_modified_middle_eastern.mp4,hug,celebrate,celebrate,incorrect
hug_7_modified_white.mp4,hug,celebrate,celebrate,incorrect
hug_8_initial.mp4,hug,golf,golf,incorrect
hug_8_modified_african.mp4,hug,golf,golf,incorrect
hug_8_modified_asian.mp4,hug,celebrate,celebrate,incorrect
hug_8_modified_hispanic.mp4,hug,golf,golf,incorrect
hug_8_modified_indian.mp4,hug,golf,golf,incorrect
hug_8_modified_middle_eastern.mp4,hug,golf,golf,incorrect
hug_8_modified_south_east_asian.mp4,hug,golf,golf,incorrect
hug_9_initial.mp4,hug,golf,golf,incorrect
hug_9_modified_asian.mp4,hug,golf,golf,incorrect
hug_9_modified_hispanic.mp4,hug,golf,golf,incorrect
hug_9_modified_indian.mp4,hug,celebrate,celebrate,incorrect
hug_9_modified_middle_eastern.mp4,hug,golf,golf,incorrect
hug_9_modified_south_east_asian.mp4,hug,golf,golf,incorrect
hug_9_modified_white.mp4,hug,golf,golf,incorrect
jog_0_initial.mp4,jog,celebrate,celebrate,incorrect
jog_0_modified_african.mp4,jog,celebrate,celebrate,incorrect
jog_0_modified_asian.mp4,jog,celebrate,celebrate,incorrect
jog_0_modified_hispanic.mp4,jog,celebrate,celebrate,incorrect
jog_0_modified_indian.mp4,jog,celebrate,celebrate,incorrect
jog_0_modified_middle_eastern.mp4,jog,celebrate,celebrate,incorrect
jog_0_modified_south_east_asian.mp4,jog,celebrate,celebrate,incorrect
jog_1_initial.mp4,jog,jog,jog,correct
jog_1_modified_african.mp4,jog,jog,jog,correct
jog_1_modified_asian.mp4,jog,jog,jog,correct
jog_1_modified_hispanic.mp4,jog,cartwheel,cartwheel,incorrect
jog_1_modified_indian.mp4,jog,jog,jog,correct
jog_1_modified_middle_eastern.mp4,jog,jog,jog,correct
jog_1_modified_south_east_asian.mp4,jog,jog,jog,correct
jog_2_initial.mp4,jog,celebrate,celebrate,incorrect
jog_2_modified_african.mp4,jog,celebrate,celebrate,incorrect
jog_2_modified_asian.mp4,jog,celebrate,celebrate,incorrect
jog_2_modified_hispanic.mp4,jog,celebrate,celebrate,incorrect
jog_2_modified_indian.mp4,jog,celebrate,celebrate,incorrect
jog_2_modified_middle_eastern.mp4,jog,celebrate,celebrate,incorrect
jog_2_modified_white.mp4,jog,cry,cry,incorrect
jog_3_initial.mp4,jog,celebrate,celebrate,incorrect
jog_3_modified_african.mp4,jog,celebrate,celebrate,incorrect
jog_3_modified_asian.mp4,jog,jog,jog,correct
jog_3_modified_hispanic.mp4,jog,celebrate,celebrate,incorrect
jog_3_modified_indian.mp4,jog,celebrate,celebrate,incorrect
jog_3_modified_middle_eastern.mp4,jog,cry,cry,incorrect
jog_3_modified_south_east_asian.mp4,jog,celebrate,celebrate,incorrect
jog_4_initial.mp4,jog,jog,jog,correct
jog_4_modified_african.mp4,jog,celebrate,celebrate,incorrect
jog_4_modified_asian.mp4,jog,celebrate,celebrate,incorrect
jog_4_modified_hispanic.mp4,jog,celebrate,celebrate,incorrect
jog_4_modified_indian.mp4,jog,celebrate,celebrate,incorrect
jog_4_modified_south_east_asian.mp4,jog,celebrate,celebrate,incorrect
jog_4_modified_white.mp4,jog,celebrate,celebrate,incorrect
jog_5_initial.mp4,jog,jog,jog,correct
jog_5_modified_african.mp4,jog,jog,jog,correct
jog_5_modified_asian.mp4,jog,jog,jog,correct
jog_5_modified_hispanic.mp4,jog,jog,jog,correct
jog_5_modified_middle_eastern.mp4,jog,jog,jog,correct
jog_5_modified_south_east_asian.mp4,jog,jog,jog,correct
jog_5_modified_white.mp4,jog,jog,jog,correct
jog_6_initial.mp4,jog,tie,tie,incorrect
jog_6_modified_african.mp4,jog,celebrate,celebrate,incorrect
jog_6_modified_asian.mp4,jog,jog,jog,correct
jog_6_modified_indian.mp4,jog,celebrate,celebrate,incorrect
jog_6_modified_middle_eastern.mp4,jog,celebrate,celebrate,incorrect
jog_6_modified_south_east_asian.mp4,jog,lunge,lunge,incorrect
jog_6_modified_white.mp4,jog,jog,jog,correct
jog_7_initial.mp4,jog,celebrate,celebrate,incorrect
jog_7_modified_african.mp4,jog,golf,golf,incorrect
jog_7_modified_asian.mp4,jog,celebrate,celebrate,incorrect
jog_7_modified_hispanic.mp4,jog,golf,golf,incorrect
jog_7_modified_indian.mp4,jog,celebrate,celebrate,incorrect
jog_7_modified_middle_eastern.mp4,jog,celebrate,celebrate,incorrect
jog_7_modified_white.mp4,jog,celebrate,celebrate,incorrect
jog_8_initial.mp4,jog,celebrate,celebrate,incorrect
jog_8_modified_african.mp4,jog,celebrate,celebrate,incorrect
jog_8_modified_asian.mp4,jog,celebrate,celebrate,incorrect
jog_8_modified_hispanic.mp4,jog,celebrate,celebrate,incorrect
jog_8_modified_indian.mp4,jog,cry,cry,incorrect
jog_8_modified_middle_eastern.mp4,jog,celebrate,celebrate,incorrect
jog_8_modified_south_east_asian.mp4,jog,cry,cry,incorrect
jog_9_initial.mp4,jog,celebrate,celebrate,incorrect
jog_9_modified_asian.mp4,jog,celebrate,celebrate,incorrect
jog_9_modified_hispanic.mp4,jog,cry,cry,incorrect
jog_9_modified_indian.mp4,jog,celebrate,celebrate,incorrect
jog_9_modified_middle_eastern.mp4,jog,cry,cry,incorrect
jog_9_modified_south_east_asian.mp4,jog,celebrate,celebrate,incorrect
jog_9_modified_white.mp4,jog,cry,cry,incorrect
laugh_0_initial.mp4,laugh,celebrate,celebrate,incorrect
laugh_0_modified_african.mp4,laugh,celebrate,celebrate,incorrect
laugh_0_modified_asian.mp4,laugh,celebrate,celebrate,incorrect
laugh_0_modified_hispanic.mp4,laugh,celebrate,celebrate,incorrect
laugh_0_modified_indian.mp4,laugh,celebrate,celebrate,incorrect
laugh_0_modified_middle_eastern.mp4,laugh,clap,clap,incorrect
laugh_0_modified_south_east_asian.mp4,laugh,celebrate,celebrate,incorrect
laugh_1_initial.mp4,laugh,clap,clap,incorrect
laugh_1_modified_african.mp4,laugh,celebrate,celebrate,incorrect
laugh_1_modified_asian.mp4,laugh,yoga,yoga,incorrect
laugh_1_modified_hispanic.mp4,laugh,yoga,yoga,incorrect
laugh_1_modified_indian.mp4,laugh,celebrate,celebrate,incorrect
laugh_1_modified_middle_eastern.mp4,laugh,celebrate,celebrate,incorrect
laugh_1_modified_south_east_asian.mp4,laugh,clap,clap,incorrect
laugh_2_initial.mp4,laugh,yoga,yoga,incorrect
laugh_2_modified_african.mp4,laugh,clap,clap,incorrect
laugh_2_modified_asian.mp4,laugh,yoga,yoga,incorrect
laugh_2_modified_hispanic.mp4,laugh,yoga,yoga,incorrect
laugh_2_modified_indian.mp4,laugh,yoga,yoga,incorrect
laugh_2_modified_middle_eastern.mp4,laugh,yoga,yoga,incorrect
laugh_2_modified_white.mp4,laugh,yoga,yoga,incorrect
laugh_3_initial.mp4,laugh,yoga,yoga,incorrect
laugh_3_modified_african.mp4,laugh,yoga,yoga,incorrect
laugh_3_modified_asian.mp4,laugh,yoga,yoga,incorrect
laugh_3_modified_hispanic.mp4,laugh,yoga,yoga,incorrect
laugh_3_modified_indian.mp4,laugh,yoga,yoga,incorrect
laugh_3_modified_middle_eastern.mp4,laugh,yoga,yoga,incorrect
laugh_3_modified_south_east_asian.mp4,laugh,squat,squat,incorrect
laugh_4_initial.mp4,laugh,golf,golf,incorrect
laugh_4_modified_african.mp4,laugh,golf,golf,incorrect
laugh_4_modified_asian.mp4,laugh,golf,golf,incorrect
laugh_4_modified_hispanic.mp4,laugh,golf,golf,incorrect
laugh_4_modified_indian.mp4,laugh,golf,golf,incorrect
laugh_4_modified_south_east_asian.mp4,laugh,golf,golf,incorrect
laugh_4_modified_white.mp4,laugh,golf,golf,incorrect
laugh_5_initial.mp4,laugh,clap,clap,incorrect
laugh_5_modified_african.mp4,laugh,clap,clap,incorrect
laugh_5_modified_asian.mp4,laugh,clap,clap,incorrect
laugh_5_modified_hispanic.mp4,laugh,clap,clap,incorrect
laugh_5_modified_middle_eastern.mp4,laugh,yoga,yoga,incorrect
laugh_5_modified_south_east_asian.mp4,laugh,clap,clap,incorrect
laugh_5_modified_white.mp4,laugh,clap,clap,incorrect
laugh_6_initial.mp4,laugh,celebrate,celebrate,incorrect
laugh_6_modified_african.mp4,laugh,yoga,yoga,incorrect
laugh_6_modified_asian.mp4,laugh,yoga,yoga,incorrect
laugh_6_modified_indian.mp4,laugh,yoga,yoga,incorrect
laugh_6_modified_middle_eastern.mp4,laugh,yoga,yoga,incorrect
laugh_6_modified_south_east_asian.mp4,laugh,yoga,yoga,incorrect
laugh_6_modified_white.mp4,laugh,yoga,yoga,incorrect
laugh_7_initial.mp4,laugh,yoga,yoga,incorrect
laugh_7_modified_african.mp4,laugh,yoga,yoga,incorrect
laugh_7_modified_asian.mp4,laugh,yoga,yoga,incorrect
laugh_7_modified_hispanic.mp4,laugh,yoga,yoga,incorrect
laugh_7_modified_indian.mp4,laugh,yoga,yoga,incorrect
laugh_7_modified_middle_eastern.mp4,laugh,yoga,yoga,incorrect
laugh_7_modified_white.mp4,laugh,yoga,yoga,incorrect
laugh_8_initial.mp4,laugh,clap,clap,incorrect
laugh_8_modified_african.mp4,laugh,clap,clap,incorrect
laugh_8_modified_asian.mp4,laugh,clap,clap,incorrect
laugh_8_modified_hispanic.mp4,laugh,clap,clap,incorrect
laugh_8_modified_indian.mp4,laugh,clap,clap,incorrect
laugh_8_modified_middle_eastern.mp4,laugh,yoga,yoga,incorrect
laugh_8_modified_south_east_asian.mp4,laugh,clap,clap,incorrect
laugh_9_initial.mp4,laugh,clap,clap,incorrect
laugh_9_modified_asian.mp4,laugh,clap,clap,incorrect
laugh_9_modified_hispanic.mp4,laugh,yoga,yoga,incorrect
laugh_9_modified_indian.mp4,laugh,clap,clap,incorrect
laugh_9_modified_middle_eastern.mp4,laugh,celebrate,celebrate,incorrect
laugh_9_modified_south_east_asian.mp4,laugh,clap,clap,incorrect
laugh_9_modified_white.mp4,laugh,clap,clap,incorrect
lunge_0_initial.mp4,lunge,cry,cry,incorrect
lunge_0_modified_african.mp4,lunge,lunge,lunge,correct
lunge_0_modified_asian.mp4,lunge,yoga,yoga,incorrect
lunge_0_modified_hispanic.mp4,lunge,golf,golf,incorrect
lunge_0_modified_indian.mp4,lunge,golf,golf,incorrect
lunge_0_modified_middle_eastern.mp4,lunge,cry,cry,incorrect
lunge_0_modified_south_east_asian.mp4,lunge,cry,cry,incorrect
lunge_1_initial.mp4,lunge,cry,cry,incorrect
lunge_1_modified_african.mp4,lunge,celebrate,celebrate,incorrect
lunge_1_modified_asian.mp4,lunge,cry,cry,incorrect
lunge_1_modified_hispanic.mp4,lunge,cry,cry,incorrect
lunge_1_modified_indian.mp4,lunge,celebrate,celebrate,incorrect
lunge_1_modified_middle_eastern.mp4,lunge,cry,cry,incorrect
lunge_1_modified_south_east_asian.mp4,lunge,cry,cry,incorrect
lunge_2_initial.mp4,lunge,celebrate,celebrate,incorrect
lunge_2_modified_african.mp4,lunge,cry,cry,incorrect
lunge_2_modified_asian.mp4,lunge,cry,cry,incorrect
lunge_2_modified_hispanic.mp4,lunge,celebrate,celebrate,incorrect
lunge_2_modified_indian.mp4,lunge,cry,cry,incorrect
lunge_2_modified_middle_eastern.mp4,lunge,jog,jog,incorrect
lunge_2_modified_white.mp4,lunge,celebrate,celebrate,incorrect
lunge_3_initial.mp4,lunge,cry,cry,incorrect
lunge_3_modified_african.mp4,lunge,celebrate,celebrate,incorrect
lunge_3_modified_asian.mp4,lunge,cry,cry,incorrect
lunge_3_modified_hispanic.mp4,lunge,cry,cry,incorrect
lunge_3_modified_indian.mp4,lunge,cry,cry,incorrect
lunge_3_modified_middle_eastern.mp4,lunge,cry,cry,incorrect
lunge_3_modified_south_east_asian.mp4,lunge,cry,cry,incorrect
lunge_4_initial.mp4,lunge,golf,golf,incorrect
lunge_4_modified_african.mp4,lunge,cry,cry,incorrect
lunge_4_modified_asian.mp4,lunge,jog,jog,incorrect
lunge_4_modified_hispanic.mp4,lunge,celebrate,celebrate,incorrect
lunge_4_modified_indian.mp4,lunge,cry,cry,incorrect
lunge_4_modified_south_east_asian.mp4,lunge,golf,golf,incorrect
lunge_4_modified_white.mp4,lunge,jog,jog,incorrect
lunge_5_initial.mp4,lunge,jog,jog,incorrect
lunge_5_modified_african.mp4,lunge,dribble,dribble,incorrect
lunge_5_modified_asian.mp4,lunge,jog,jog,incorrect
lunge_5_modified_hispanic.mp4,lunge,cry,cry,incorrect
lunge_5_modified_middle_eastern.mp4,lunge,squat,squat,incorrect
lunge_5_modified_south_east_asian.mp4,lunge,yoga,yoga,incorrect
lunge_5_modified_white.mp4,lunge,jog,jog,incorrect
lunge_6_initial.mp4,lunge,cry,cry,incorrect
lunge_6_modified_african.mp4,lunge,lunge,lunge,correct
lunge_6_modified_asian.mp4,lunge,lunge,lunge,correct
lunge_6_modified_indian.mp4,lunge,lunge,lunge,correct
lunge_6_modified_middle_eastern.mp4,lunge,golf,golf,incorrect
lunge_6_modified_south_east_asian.mp4,lunge,lunge,lunge,correct
lunge_6_modified_white.mp4,lunge,cry,cry,incorrect
lunge_7_initial.mp4,lunge,jog,jog,incorrect
lunge_7_modified_african.mp4,lunge,celebrate,celebrate,incorrect
lunge_7_modified_asian.mp4,lunge,golf,golf,incorrect
lunge_7_modified_hispanic.mp4,lunge,celebrate,celebrate,incorrect
lunge_7_modified_indian.mp4,lunge,cry,cry,incorrect
lunge_7_modified_middle_eastern.mp4,lunge,clap,clap,incorrect
lunge_7_modified_white.mp4,lunge,clap,clap,incorrect
lunge_8_initial.mp4,lunge,drive,drive,incorrect
lunge_8_modified_african.mp4,lunge,celebrate,celebrate,incorrect
lunge_8_modified_asian.mp4,lunge,drive,drive,incorrect
lunge_8_modified_hispanic.mp4,lunge,golf,golf,incorrect
lunge_8_modified_indian.mp4,lunge,celebrate,celebrate,incorrect
lunge_8_modified_middle_eastern.mp4,lunge,celebrate,celebrate,incorrect
lunge_8_modified_south_east_asian.mp4,lunge,celebrate,celebrate,incorrect
lunge_9_initial.mp4,lunge,celebrate,celebrate,incorrect
lunge_9_modified_asian.mp4,lunge,celebrate,celebrate,incorrect
lunge_9_modified_hispanic.mp4,lunge,celebrate,celebrate,incorrect
lunge_9_modified_indian.mp4,lunge,celebrate,celebrate,incorrect
lunge_9_modified_middle_eastern.mp4,lunge,celebrate,celebrate,incorrect
lunge_9_modified_south_east_asian.mp4,lunge,cry,cry,incorrect
lunge_9_modified_white.mp4,lunge,celebrate,celebrate,incorrect
sneeze_0_initial.mp4,sneeze,clap,clap,incorrect
sneeze_0_modified_african.mp4,sneeze,celebrate,celebrate,incorrect
sneeze_0_modified_asian.mp4,sneeze,celebrate,celebrate,incorrect
sneeze_0_modified_hispanic.mp4,sneeze,celebrate,celebrate,incorrect
sneeze_0_modified_indian.mp4,sneeze,clap,clap,incorrect
sneeze_0_modified_middle_eastern.mp4,sneeze,clap,clap,incorrect
sneeze_0_modified_south_east_asian.mp4,sneeze,clap,clap,incorrect
sneeze_1_initial.mp4,sneeze,golf,golf,incorrect
sneeze_1_modified_african.mp4,sneeze,golf,golf,incorrect
sneeze_1_modified_asian.mp4,sneeze,golf,golf,incorrect
sneeze_1_modified_hispanic.mp4,sneeze,golf,golf,incorrect
sneeze_1_modified_indian.mp4,sneeze,golf,golf,incorrect
sneeze_1_modified_middle_eastern.mp4,sneeze,golf,golf,incorrect
sneeze_1_modified_south_east_asian.mp4,sneeze,golf,golf,incorrect
sneeze_2_initial.mp4,sneeze,clap,clap,incorrect
sneeze_2_modified_african.mp4,sneeze,celebrate,celebrate,incorrect
sneeze_2_modified_asian.mp4,sneeze,golf,golf,incorrect
sneeze_2_modified_hispanic.mp4,sneeze,clap,clap,incorrect
sneeze_2_modified_indian.mp4,sneeze,clap,clap,incorrect
sneeze_2_modified_middle_eastern.mp4,sneeze,clap,clap,incorrect
sneeze_2_modified_white.mp4,sneeze,clap,clap,incorrect
sneeze_3_initial.mp4,sneeze,golf,golf,incorrect
sneeze_3_modified_african.mp4,sneeze,golf,golf,incorrect
sneeze_3_modified_asian.mp4,sneeze,golf,golf,incorrect
sneeze_3_modified_hispanic.mp4,sneeze,golf,golf,incorrect
sneeze_3_modified_indian.mp4,sneeze,golf,golf,incorrect
sneeze_3_modified_middle_eastern.mp4,sneeze,golf,golf,incorrect
sneeze_3_modified_south_east_asian.mp4,sneeze,golf,golf,incorrect
sneeze_4_initial.mp4,sneeze,golf,golf,incorrect
sneeze_4_modified_african.mp4,sneeze,golf,golf,incorrect
sneeze_4_modified_asian.mp4,sneeze,golf,golf,incorrect
sneeze_4_modified_hispanic.mp4,sneeze,golf,golf,incorrect
sneeze_4_modified_indian.mp4,sneeze,golf,golf,incorrect
sneeze_4_modified_south_east_asian.mp4,sneeze,golf,golf,incorrect
sneeze_4_modified_white.mp4,sneeze,golf,golf,incorrect
sneeze_5_initial.mp4,sneeze,celebrate,celebrate,incorrect
sneeze_5_modified_african.mp4,sneeze,celebrate,celebrate,incorrect
sneeze_5_modified_asian.mp4,sneeze,clap,clap,incorrect
sneeze_5_modified_hispanic.mp4,sneeze,celebrate,celebrate,incorrect
sneeze_5_modified_middle_eastern.mp4,sneeze,clap,clap,incorrect
sneeze_5_modified_south_east_asian.mp4,sneeze,celebrate,celebrate,incorrect
sneeze_5_modified_white.mp4,sneeze,clap,clap,incorrect
sneeze_6_initial.mp4,sneeze,clap,clap,incorrect
sneeze_6_modified_african.mp4,sneeze,clap,clap,incorrect
sneeze_6_modified_asian.mp4,sneeze,celebrate,celebrate,incorrect
sneeze_6_modified_indian.mp4,sneeze,celebrate,celebrate,incorrect
sneeze_6_modified_middle_eastern.mp4,sneeze,clap,clap,incorrect
sneeze_6_modified_south_east_asian.mp4,sneeze,clap,clap,incorrect
sneeze_6_modified_white.mp4,sneeze,clap,clap,incorrect
sneeze_7_initial.mp4,sneeze,golf,golf,incorrect
sneeze_7_modified_african.mp4,sneeze,golf,golf,incorrect
sneeze_7_modified_asian.mp4,sneeze,golf,golf,incorrect
sneeze_7_modified_hispanic.mp4,sneeze,golf,golf,incorrect
sneeze_7_modified_indian.mp4,sneeze,golf,golf,incorrect
sneeze_7_modified_middle_eastern.mp4,sneeze,golf,golf,incorrect
sneeze_7_modified_white.mp4,sneeze,golf,golf,incorrect
sneeze_8_initial.mp4,sneeze,clap,clap,incorrect
sneeze_8_modified_african.mp4,sneeze,celebrate,celebrate,incorrect
sneeze_8_modified_asian.mp4,sneeze,clap,clap,incorrect
sneeze_8_modified_hispanic.mp4,sneeze,clap,clap,incorrect
sneeze_8_modified_indian.mp4,sneeze,celebrate,celebrate,incorrect
sneeze_8_modified_middle_eastern.mp4,sneeze,clap,clap,incorrect
sneeze_8_modified_south_east_asian.mp4,sneeze,clap,clap,incorrect
sneeze_9_initial.mp4,sneeze,golf,golf,incorrect
sneeze_9_modified_asian.mp4,sneeze,golf,golf,incorrect
sneeze_9_modified_hispanic.mp4,sneeze,golf,golf,incorrect
sneeze_9_modified_indian.mp4,sneeze,golf,golf,incorrect
sneeze_9_modified_middle_eastern.mp4,sneeze,golf,golf,incorrect
sneeze_9_modified_south_east_asian.mp4,sneeze,golf,golf,incorrect
sneeze_9_modified_white.mp4,sneeze,golf,golf,incorrect
squat_0_initial.mp4,squat,yoga,yoga,incorrect
squat_0_modified_african.mp4,squat,celebrate,celebrate,incorrect
squat_0_modified_asian.mp4,squat,celebrate,celebrate,incorrect
squat_0_modified_hispanic.mp4,squat,celebrate,celebrate,incorrect
squat_0_modified_indian.mp4,squat,yoga,yoga,incorrect
squat_0_modified_middle_eastern.mp4,squat,yoga,yoga,incorrect
squat_0_modified_south_east_asian.mp4,squat,yoga,yoga,incorrect
squat_1_initial.mp4,squat,yoga,yoga,incorrect
squat_1_modified_african.mp4,squat,squat,squat,correct
squat_1_modified_asian.mp4,squat,yoga,yoga,incorrect
squat_1_modified_hispanic.mp4,squat,squat,squat,correct
squat_1_modified_indian.mp4,squat,yoga,yoga,incorrect
squat_1_modified_middle_eastern.mp4,squat,squat,squat,correct
squat_1_modified_south_east_asian.mp4,squat,yoga,yoga,incorrect
squat_2_initial.mp4,squat,jog,jog,incorrect
squat_2_modified_african.mp4,squat,jog,jog,incorrect
squat_2_modified_asian.mp4,squat,jog,jog,incorrect
squat_2_modified_hispanic.mp4,squat,jog,jog,incorrect
squat_2_modified_indian.mp4,squat,golf,golf,incorrect
squat_2_modified_middle_eastern.mp4,squat,lunge,lunge,incorrect
squat_2_modified_white.mp4,squat,jog,jog,incorrect
squat_3_initial.mp4,squat,lunge,lunge,incorrect
squat_3_modified_african.mp4,squat,celebrate,celebrate,incorrect
squat_3_modified_asian.mp4,squat,lunge,lunge,incorrect
squat_3_modified_hispanic.mp4,squat,cry,cry,incorrect
squat_3_modified_indian.mp4,squat,celebrate,celebrate,incorrect
squat_3_modified_middle_eastern.mp4,squat,lunge,lunge,incorrect
squat_3_modified_south_east_asian.mp4,squat,lunge,lunge,incorrect
squat_4_initial.mp4,squat,golf,golf,incorrect
squat_4_modified_african.mp4,squat,dribble,dribble,incorrect
squat_4_modified_asian.mp4,squat,lunge,lunge,incorrect
squat_4_modified_hispanic.mp4,squat,golf,golf,incorrect
squat_4_modified_indian.mp4,squat,jog,jog,incorrect
squat_4_modified_south_east_asian.mp4,squat,golf,golf,incorrect
squat_4_modified_white.mp4,squat,yoga,yoga,incorrect
squat_5_initial.mp4,squat,golf,golf,incorrect
squat_5_modified_african.mp4,squat,celebrate,celebrate,incorrect
squat_5_modified_asian.mp4,squat,golf,golf,incorrect
squat_5_modified_hispanic.mp4,squat,golf,golf,incorrect
squat_5_modified_middle_eastern.mp4,squat,golf,golf,incorrect
squat_5_modified_south_east_asian.mp4,squat,golf,golf,incorrect
squat_5_modified_white.mp4,squat,drive,drive,incorrect
squat_6_initial.mp4,squat,celebrate,celebrate,incorrect
squat_6_modified_african.mp4,squat,yoga,yoga,incorrect
squat_6_modified_asian.mp4,squat,celebrate,celebrate,incorrect
squat_6_modified_indian.mp4,squat,drive,drive,incorrect
squat_6_modified_middle_eastern.mp4,squat,hug,hug,incorrect
squat_6_modified_south_east_asian.mp4,squat,clap,clap,incorrect
squat_6_modified_white.mp4,squat,hug,hug,incorrect
squat_7_initial.mp4,squat,golf,golf,incorrect
squat_7_modified_african.mp4,squat,golf,golf,incorrect
squat_7_modified_asian.mp4,squat,golf,golf,incorrect
squat_7_modified_hispanic.mp4,squat,golf,golf,incorrect
squat_7_modified_indian.mp4,squat,golf,golf,incorrect
squat_7_modified_middle_eastern.mp4,squat,golf,golf,incorrect
squat_7_modified_white.mp4,squat,golf,golf,incorrect
squat_8_initial.mp4,squat,yoga,yoga,incorrect
squat_8_modified_african.mp4,squat,lunge,lunge,incorrect
squat_8_modified_asian.mp4,squat,yoga,yoga,incorrect
squat_8_modified_hispanic.mp4,squat,yoga,yoga,incorrect
squat_8_modified_indian.mp4,squat,yoga,yoga,incorrect
squat_8_modified_middle_eastern.mp4,squat,yoga,yoga,incorrect
squat_8_modified_south_east_asian.mp4,squat,yoga,yoga,incorrect
squat_9_initial.mp4,squat,celebrate,celebrate,incorrect
squat_9_modified_asian.mp4,squat,golf,golf,incorrect
squat_9_modified_hispanic.mp4,squat,cry,cry,incorrect
squat_9_modified_indian.mp4,squat,dribble,dribble,incorrect
squat_9_modified_middle_eastern.mp4,squat,celebrate,celebrate,incorrect
squat_9_modified_south_east_asian.mp4,squat,celebrate,celebrate,incorrect
squat_9_modified_white.mp4,squat,celebrate,celebrate,incorrect
tie_0_initial.mp4,tie,golf,golf,incorrect
tie_0_modified_african.mp4,tie,golf,golf,incorrect
tie_0_modified_asian.mp4,tie,golf,golf,incorrect
tie_0_modified_hispanic.mp4,tie,golf,golf,incorrect
tie_0_modified_indian.mp4,tie,golf,golf,incorrect
tie_0_modified_middle_eastern.mp4,tie,golf,golf,incorrect
tie_0_modified_south_east_asian.mp4,tie,jog,jog,incorrect
tie_1_initial.mp4,tie,golf,golf,incorrect
tie_1_modified_african.mp4,tie,golf,golf,incorrect
tie_1_modified_asian.mp4,tie,golf,golf,incorrect
tie_1_modified_hispanic.mp4,tie,golf,golf,incorrect
tie_1_modified_indian.mp4,tie,golf,golf,incorrect
tie_1_modified_middle_eastern.mp4,tie,golf,golf,incorrect
tie_1_modified_south_east_asian.mp4,tie,golf,golf,incorrect
tie_2_initial.mp4,tie,golf,golf,incorrect
tie_2_modified_african.mp4,tie,golf,golf,incorrect
tie_2_modified_asian.mp4,tie,golf,golf,incorrect
tie_2_modified_hispanic.mp4,tie,golf,golf,incorrect
tie_2_modified_indian.mp4,tie,golf,golf,incorrect
tie_2_modified_middle_eastern.mp4,tie,golf,golf,incorrect
tie_2_modified_white.mp4,tie,golf,golf,incorrect
tie_3_initial.mp4,tie,golf,golf,incorrect
tie_3_modified_african.mp4,tie,golf,golf,incorrect
tie_3_modified_asian.mp4,tie,golf,golf,incorrect
tie_3_modified_hispanic.mp4,tie,golf,golf,incorrect
tie_3_modified_indian.mp4,tie,golf,golf,incorrect
tie_3_modified_middle_eastern.mp4,tie,golf,golf,incorrect
tie_3_modified_south_east_asian.mp4,tie,golf,golf,incorrect
tie_4_initial.mp4,tie,golf,golf,incorrect
tie_4_modified_african.mp4,tie,golf,golf,incorrect
tie_4_modified_asian.mp4,tie,golf,golf,incorrect
tie_4_modified_hispanic.mp4,tie,golf,golf,incorrect
tie_4_modified_indian.mp4,tie,golf,golf,incorrect
tie_4_modified_south_east_asian.mp4,tie,golf,golf,incorrect
tie_4_modified_white.mp4,tie,golf,golf,incorrect
tie_5_initial.mp4,tie,golf,golf,incorrect
tie_5_modified_african.mp4,tie,golf,golf,incorrect
tie_5_modified_asian.mp4,tie,golf,golf,incorrect
tie_5_modified_hispanic.mp4,tie,golf,golf,incorrect
tie_5_modified_middle_eastern.mp4,tie,golf,golf,incorrect
tie_5_modified_south_east_asian.mp4,tie,golf,golf,incorrect
tie_5_modified_white.mp4,tie,golf,golf,incorrect
tie_6_initial.mp4,tie,golf,golf,incorrect
tie_6_modified_african.mp4,tie,golf,golf,incorrect
tie_6_modified_asian.mp4,tie,golf,golf,incorrect
tie_6_modified_indian.mp4,tie,golf,golf,incorrect
tie_6_modified_middle_eastern.mp4,tie,golf,golf,incorrect
tie_6_modified_south_east_asian.mp4,tie,golf,golf,incorrect
tie_6_modified_white.mp4,tie,golf,golf,incorrect
tie_7_initial.mp4,tie,golf,golf,incorrect
tie_7_modified_african.mp4,tie,golf,golf,incorrect
tie_7_modified_asian.mp4,tie,golf,golf,incorrect
tie_7_modified_hispanic.mp4,tie,golf,golf,incorrect
tie_7_modified_indian.mp4,tie,golf,golf,incorrect
tie_7_modified_middle_eastern.mp4,tie,golf,golf,incorrect
tie_7_modified_white.mp4,tie,golf,golf,incorrect
tie_8_initial.mp4,tie,golf,golf,incorrect
tie_8_modified_african.mp4,tie,golf,golf,incorrect
tie_8_modified_asian.mp4,tie,golf,golf,incorrect
tie_8_modified_hispanic.mp4,tie,golf,golf,incorrect
tie_8_modified_indian.mp4,tie,golf,golf,incorrect
tie_8_modified_middle_eastern.mp4,tie,golf,golf,incorrect
tie_8_modified_south_east_asian.mp4,tie,golf,golf,incorrect
tie_9_initial.mp4,tie,golf,golf,incorrect
tie_9_modified_asian.mp4,tie,golf,golf,incorrect
tie_9_modified_hispanic.mp4,tie,golf,golf,incorrect
tie_9_modified_indian.mp4,tie,golf,golf,incorrect
tie_9_modified_middle_eastern.mp4,tie,golf,golf,incorrect
tie_9_modified_south_east_asian.mp4,tie,golf,golf,incorrect
tie_9_modified_white.mp4,tie,golf,golf,incorrect
write_0_initial.mp4,write,golf,golf,incorrect
write_0_modified_african.mp4,write,golf,golf,incorrect
write_0_modified_asian.mp4,write,golf,golf,incorrect
write_0_modified_hispanic.mp4,write,golf,golf,incorrect
write_0_modified_indian.mp4,write,golf,golf,incorrect
write_0_modified_middle_eastern.mp4,write,yoga,yoga,incorrect
write_0_modified_south_east_asian.mp4,write,golf,golf,incorrect
write_1_initial.mp4,write,yoga,yoga,incorrect
write_1_modified_african.mp4,write,golf,golf,incorrect
write_1_modified_asian.mp4,write,yoga,yoga,incorrect
write_1_modified_hispanic.mp4,write,yoga,yoga,incorrect
write_1_modified_indian.mp4,write,golf,golf,incorrect
write_1_modified_middle_eastern.mp4,write,yoga,yoga,incorrect
write_1_modified_south_east_asian.mp4,write,yoga,yoga,incorrect
write_2_initial.mp4,write,golf,golf,incorrect
write_2_modified_african.mp4,write,golf,golf,incorrect
write_2_modified_asian.mp4,write,cry,cry,incorrect
write_2_modified_hispanic.mp4,write,dribble,dribble,incorrect
write_2_modified_indian.mp4,write,golf,golf,incorrect
write_2_modified_middle_eastern.mp4,write,celebrate,celebrate,incorrect
write_2_modified_white.mp4,write,cry,cry,incorrect
write_3_initial.mp4,write,golf,golf,incorrect
write_3_modified_african.mp4,write,golf,golf,incorrect
write_3_modified_asian.mp4,write,celebrate,celebrate,incorrect
write_3_modified_hispanic.mp4,write,golf,golf,incorrect
write_3_modified_indian.mp4,write,golf,golf,incorrect
write_3_modified_middle_eastern.mp4,write,cry,cry,incorrect
write_3_modified_south_east_asian.mp4,write,golf,golf,incorrect
write_4_initial.mp4,write,golf,golf,incorrect
write_4_modified_african.mp4,write,golf,golf,incorrect
write_4_modified_asian.mp4,write,golf,golf,incorrect
write_4_modified_hispanic.mp4,write,golf,golf,incorrect
write_4_modified_indian.mp4,write,golf,golf,incorrect
write_4_modified_south_east_asian.mp4,write,golf,golf,incorrect
write_4_modified_white.mp4,write,golf,golf,incorrect
write_5_initial.mp4,write,squat,squat,incorrect
write_5_modified_african.mp4,write,squat,squat,incorrect
write_5_modified_asian.mp4,write,squat,squat,incorrect
write_5_modified_hispanic.mp4,write,lunge,lunge,incorrect
write_5_modified_middle_eastern.mp4,write,lunge,lunge,incorrect
write_5_modified_south_east_asian.mp4,write,squat,squat,incorrect
write_5_modified_white.mp4,write,lunge,lunge,incorrect
write_6_initial.mp4,write,golf,golf,incorrect
write_6_modified_african.mp4,write,golf,golf,incorrect
write_6_modified_asian.mp4,write,golf,golf,incorrect
write_6_modified_indian.mp4,write,golf,golf,incorrect
write_6_modified_middle_eastern.mp4,write,yoga,yoga,incorrect
write_6_modified_south_east_asian.mp4,write,golf,golf,incorrect
write_6_modified_white.mp4,write,yoga,yoga,incorrect
write_7_initial.mp4,write,lunge,lunge,incorrect
write_7_modified_african.mp4,write,lunge,lunge,incorrect
write_7_modified_asian.mp4,write,lunge,lunge,incorrect
write_7_modified_hispanic.mp4,write,lunge,lunge,incorrect
write_7_modified_indian.mp4,write,golf,golf,incorrect
write_7_modified_middle_eastern.mp4,write,cry,cry,incorrect
write_7_modified_white.mp4,write,drive,drive,incorrect
write_8_initial.mp4,write,golf,golf,incorrect
write_8_modified_african.mp4,write,golf,golf,incorrect
write_8_modified_asian.mp4,write,golf,golf,incorrect
write_8_modified_hispanic.mp4,write,golf,golf,incorrect
write_8_modified_indian.mp4,write,golf,golf,incorrect
write_8_modified_middle_eastern.mp4,write,golf,golf,incorrect
write_8_modified_south_east_asian.mp4,write,golf,golf,incorrect
write_9_initial.mp4,write,golf,golf,incorrect
write_9_modified_asian.mp4,write,golf,golf,incorrect
write_9_modified_hispanic.mp4,write,golf,golf,incorrect
write_9_modified_indian.mp4,write,golf,golf,incorrect
write_9_modified_middle_eastern.mp4,write,golf,golf,incorrect
write_9_modified_south_east_asian.mp4,write,golf,golf,incorrect
write_9_modified_white.mp4,write,golf,golf,incorrect
yawn_0_initial.mp4,yawn,tie,tie,incorrect
yawn_0_modified_african.mp4,yawn,tie,tie,incorrect
yawn_0_modified_asian.mp4,yawn,clap,clap,incorrect
yawn_0_modified_hispanic.mp4,yawn,celebrate,celebrate,incorrect
yawn_0_modified_indian.mp4,yawn,tie,tie,incorrect
yawn_0_modified_middle_eastern.mp4,yawn,tie,tie,incorrect
yawn_0_modified_south_east_asian.mp4,yawn,tie,tie,incorrect
yawn_1_initial.mp4,yawn,celebrate,celebrate,incorrect
yawn_1_modified_african.mp4,yawn,celebrate,celebrate,incorrect
yawn_1_modified_asian.mp4,yawn,celebrate,celebrate,incorrect
yawn_1_modified_hispanic.mp4,yawn,celebrate,celebrate,incorrect
yawn_1_modified_indian.mp4,yawn,celebrate,celebrate,incorrect
yawn_1_modified_middle_eastern.mp4,yawn,celebrate,celebrate,incorrect
yawn_1_modified_south_east_asian.mp4,yawn,celebrate,celebrate,incorrect
yawn_2_initial.mp4,yawn,drive,drive,incorrect
yawn_2_modified_african.mp4,yawn,celebrate,celebrate,incorrect
yawn_2_modified_asian.mp4,yawn,golf,golf,incorrect
yawn_2_modified_hispanic.mp4,yawn,drive,drive,incorrect
yawn_2_modified_indian.mp4,yawn,celebrate,celebrate,incorrect
yawn_2_modified_middle_eastern.mp4,yawn,drive,drive,incorrect
yawn_2_modified_white.mp4,yawn,yoga,yoga,incorrect
yawn_3_initial.mp4,yawn,clap,clap,incorrect
yawn_3_modified_african.mp4,yawn,clap,clap,incorrect
yawn_3_modified_asian.mp4,yawn,clap,clap,incorrect
yawn_3_modified_hispanic.mp4,yawn,clap,clap,incorrect
yawn_3_modified_indian.mp4,yawn,clap,clap,incorrect
yawn_3_modified_middle_eastern.mp4,yawn,clap,clap,incorrect
yawn_3_modified_south_east_asian.mp4,yawn,clap,clap,incorrect
yawn_4_initial.mp4,yawn,clap,clap,incorrect
yawn_4_modified_african.mp4,yawn,golf,golf,incorrect
yawn_4_modified_asian.mp4,yawn,clap,clap,incorrect
yawn_4_modified_hispanic.mp4,yawn,celebrate,celebrate,incorrect
yawn_4_modified_indian.mp4,yawn,clap,clap,incorrect
yawn_4_modified_south_east_asian.mp4,yawn,clap,clap,incorrect
yawn_4_modified_white.mp4,yawn,clap,clap,incorrect
yawn_5_initial.mp4,yawn,celebrate,celebrate,incorrect
yawn_5_modified_african.mp4,yawn,celebrate,celebrate,incorrect
yawn_5_modified_asian.mp4,yawn,drive,drive,incorrect
yawn_5_modified_hispanic.mp4,yawn,drive,drive,incorrect
yawn_5_modified_middle_eastern.mp4,yawn,celebrate,celebrate,incorrect
yawn_5_modified_south_east_asian.mp4,yawn,drive,drive,incorrect
yawn_5_modified_white.mp4,yawn,golf,golf,incorrect
yawn_6_initial.mp4,yawn,clap,clap,incorrect
yawn_6_modified_african.mp4,yawn,clap,clap,incorrect
yawn_6_modified_asian.mp4,yawn,clap,clap,incorrect
yawn_6_modified_indian.mp4,yawn,clap,clap,incorrect
yawn_6_modified_middle_eastern.mp4,yawn,clap,clap,incorrect
yawn_6_modified_south_east_asian.mp4,yawn,clap,clap,incorrect
yawn_6_modified_white.mp4,yawn,clap,clap,incorrect
yawn_7_initial.mp4,yawn,celebrate,celebrate,incorrect
yawn_7_modified_african.mp4,yawn,tie,tie,incorrect
yawn_7_modified_asian.mp4,yawn,tie,tie,incorrect
yawn_7_modified_hispanic.mp4,yawn,celebrate,celebrate,incorrect
yawn_7_modified_indian.mp4,yawn,tie,tie,incorrect
yawn_7_modified_middle_eastern.mp4,yawn,tie,tie,incorrect
yawn_7_modified_white.mp4,yawn,tie,tie,incorrect
yawn_8_initial.mp4,yawn,celebrate,celebrate,incorrect
yawn_8_modified_african.mp4,yawn,celebrate,celebrate,incorrect
yawn_8_modified_asian.mp4,yawn,celebrate,celebrate,incorrect
yawn_8_modified_hispanic.mp4,yawn,celebrate,celebrate,incorrect
yawn_8_modified_indian.mp4,yawn,celebrate,celebrate,incorrect
yawn_8_modified_middle_eastern.mp4,yawn,celebrate,celebrate,incorrect
yawn_8_modified_south_east_asian.mp4,yawn,celebrate,celebrate,incorrect
yawn_9_initial.mp4,yawn,clap,clap,incorrect
yawn_9_modified_asian.mp4,yawn,clap,clap,incorrect
yawn_9_modified_hispanic.mp4,yawn,clap,clap,incorrect
yawn_9_modified_indian.mp4,yawn,clap,clap,incorrect
yawn_9_modified_middle_eastern.mp4,yawn,clap,clap,incorrect
yawn_9_modified_south_east_asian.mp4,yawn,clap,clap,incorrect
yawn_9_modified_white.mp4,yawn,clap,clap,incorrect
yoga_0_initial.mp4,yoga,celebrate,celebrate,incorrect
yoga_0_modified_african.mp4,yoga,celebrate,celebrate,incorrect
yoga_0_modified_asian.mp4,yoga,celebrate,celebrate,incorrect
yoga_0_modified_hispanic.mp4,yoga,celebrate,celebrate,incorrect
yoga_0_modified_indian.mp4,yoga,celebrate,celebrate,incorrect
yoga_0_modified_middle_eastern.mp4,yoga,celebrate,celebrate,incorrect
yoga_0_modified_south_east_asian.mp4,yoga,celebrate,celebrate,incorrect
yoga_1_initial.mp4,yoga,golf,golf,incorrect
yoga_1_modified_african.mp4,yoga,golf,golf,incorrect
yoga_1_modified_asian.mp4,yoga,golf,golf,incorrect
yoga_1_modified_hispanic.mp4,yoga,golf,golf,incorrect
yoga_1_modified_indian.mp4,yoga,cartwheel,cartwheel,incorrect
yoga_1_modified_middle_eastern.mp4,yoga,golf,golf,incorrect
yoga_1_modified_south_east_asian.mp4,yoga,golf,golf,incorrect
yoga_2_initial.mp4,yoga,golf,golf,incorrect
yoga_2_modified_african.mp4,yoga,golf,golf,incorrect
yoga_2_modified_asian.mp4,yoga,golf,golf,incorrect
yoga_2_modified_hispanic.mp4,yoga,golf,golf,incorrect
yoga_2_modified_indian.mp4,yoga,golf,golf,incorrect
yoga_2_modified_middle_eastern.mp4,yoga,golf,golf,incorrect
yoga_2_modified_white.mp4,yoga,golf,golf,incorrect
yoga_3_initial.mp4,yoga,yoga,yoga,correct
yoga_3_modified_african.mp4,yoga,yoga,yoga,correct
yoga_3_modified_asian.mp4,yoga,yoga,yoga,correct
yoga_3_modified_hispanic.mp4,yoga,yoga,yoga,correct
yoga_3_modified_indian.mp4,yoga,yoga,yoga,correct
yoga_3_modified_middle_eastern.mp4,yoga,yoga,yoga,correct
yoga_3_modified_south_east_asian.mp4,yoga,yoga,yoga,correct
yoga_4_initial.mp4,yoga,jog,jog,incorrect
yoga_4_modified_african.mp4,yoga,lunge,lunge,incorrect
yoga_4_modified_asian.mp4,yoga,jog,jog,incorrect
yoga_4_modified_hispanic.mp4,yoga,lunge,lunge,incorrect
yoga_4_modified_indian.mp4,yoga,lunge,lunge,incorrect
yoga_4_modified_south_east_asian.mp4,yoga,lunge,lunge,incorrect
yoga_4_modified_white.mp4,yoga,lunge,lunge,incorrect
yoga_5_initial.mp4,yoga,cry,cry,incorrect
yoga_5_modified_african.mp4,yoga,cry,cry,incorrect
yoga_5_modified_asian.mp4,yoga,yawn,yawn,incorrect
yoga_5_modified_hispanic.mp4,yoga,tie,tie,incorrect
yoga_5_modified_middle_eastern.mp4,yoga,cry,cry,incorrect
yoga_5_modified_south_east_asian.mp4,yoga,cry,cry,incorrect
yoga_5_modified_white.mp4,yoga,cry,cry,incorrect
yoga_6_initial.mp4,yoga,jog,jog,incorrect
yoga_6_modified_african.mp4,yoga,lunge,lunge,incorrect
yoga_6_modified_asian.mp4,yoga,yoga,yoga,correct
yoga_6_modified_indian.mp4,yoga,yoga,yoga,correct
yoga_6_modified_middle_eastern.mp4,yoga,jog,jog,incorrect
yoga_6_modified_south_east_asian.mp4,yoga,lunge,lunge,incorrect
yoga_6_modified_white.mp4,yoga,jog,jog,incorrect
yoga_7_initial.mp4,yoga,golf,golf,incorrect
yoga_7_modified_african.mp4,yoga,golf,golf,incorrect
yoga_7_modified_asian.mp4,yoga,cry,cry,incorrect
yoga_7_modified_hispanic.mp4,yoga,cry,cry,incorrect
yoga_7_modified_indian.mp4,yoga,golf,golf,incorrect
yoga_7_modified_middle_eastern.mp4,yoga,golf,golf,incorrect
yoga_7_modified_white.mp4,yoga,cry,cry,incorrect
yoga_8_initial.mp4,yoga,yoga,yoga,correct
yoga_8_modified_african.mp4,yoga,yoga,yoga,correct
yoga_8_modified_asian.mp4,yoga,yoga,yoga,correct
yoga_8_modified_hispanic.mp4,yoga,yoga,yoga,correct
yoga_8_modified_indian.mp4,yoga,yoga,yoga,correct
yoga_8_modified_middle_eastern.mp4,yoga,yoga,yoga,correct
yoga_8_modified_south_east_asian.mp4,yoga,yoga,yoga,correct
yoga_9_initial.mp4,yoga,lunge,lunge,incorrect
yoga_9_modified_asian.mp4,yoga,yoga,yoga,correct
yoga_9_modified_hispanic.mp4,yoga,cartwheel,cartwheel,incorrect
yoga_9_modified_indian.mp4,yoga,drive,drive,incorrect
yoga_9_modified_middle_eastern.mp4,yoga,yoga,yoga,correct
yoga_9_modified_south_east_asian.mp4,yoga,yoga,yoga,correct
yoga_9_modified_white.mp4,yoga,drive,drive,incorrect
